time_s,dc_voltage,estimated_ac,current,temperature,power,fault_label
0.0,15.72,12.292,0.25,38.3,3.93,NORMAL
2.0,15.55,12.079,0.25,38.7,3.888,NORMAL
4.0,15.49,11.889,0.25,37.8,3.873,NORMAL
6.0,15.66,11.997,0.24,37.2,3.758,NORMAL
8.0,15.36,11.686,0.25,37.6,3.84,NORMAL
10.0,15.94,12.088,0.25,38.0,3.985,NORMAL
12.0,15.47,11.976,0.25,37.5,3.868,NORMAL
14.0,15.46,12.144,0.25,37.7,3.865,NORMAL
16.0,15.6,11.876,0.24,38.4,3.744,NORMAL
18.0,15.65,12.082,0.24,37.4,3.756,NORMAL
20.0,15.77,12.106,0.25,37.9,3.942,NORMAL
22.0,15.25,11.9,0.25,37.8,3.812,NORMAL
24.0,15.68,12.033,0.24,38.1,3.763,NORMAL
26.0,15.44,12.02,0.25,38.5,3.86,NORMAL
28.0,15.4,11.997,0.25,38.2,3.85,NORMAL
30.0,15.49,11.802,0.25,37.5,3.873,NORMAL
32.0,15.79,12.279,0.26,38.0,4.105,NORMAL
34.0,15.68,12.265,0.25,38.2,3.92,NORMAL
36.0,15.59,12.114,0.26,36.8,4.053,NORMAL
38.0,15.62,11.798,0.25,38.0,3.905,NORMAL
40.0,15.55,11.925,0.25,38.7,3.888,NORMAL
42.0,15.41,11.927,0.25,38.4,3.853,NORMAL
44.0,15.48,12.053,0.25,38.0,3.87,NORMAL
46.0,15.44,11.735,0.25,37.8,3.86,NORMAL
48.0,15.67,12.044,0.25,38.0,3.917,NORMAL
50.0,15.27,11.695,0.25,37.8,3.817,NORMAL
52.0,15.56,12.015,0.25,38.9,3.89,NORMAL
54.0,15.66,12.062,0.25,37.1,3.915,NORMAL
56.0,15.61,12.066,0.27,37.9,4.215,NORMAL
58.0,15.59,12.106,0.24,38.5,3.742,NORMAL
60.0,15.79,11.987,0.24,38.6,3.79,NORMAL
62.0,15.74,12.053,0.26,37.5,4.092,NORMAL
64.0,15.62,12.045,0.25,37.3,3.905,NORMAL
66.0,15.35,12.029,0.25,37.6,3.837,NORMAL
68.0,15.42,11.749,0.25,38.4,3.855,NORMAL
70.0,15.65,12.08,0.26,37.3,4.069,NORMAL
72.0,15.66,11.906,0.25,37.4,3.915,NORMAL
74.0,15.72,12.149,0.25,38.1,3.93,NORMAL
76.0,15.44,11.824,0.25,38.1,3.86,NORMAL
78.0,16.04,12.415,0.25,37.5,4.01,NORMAL
80.0,15.37,11.763,0.25,38.5,3.842,NORMAL
82.0,15.83,12.416,0.25,38.4,3.958,NORMAL
84.0,15.54,11.882,0.25,37.6,3.885,NORMAL
86.0,15.58,12.108,0.25,38.1,3.895,NORMAL
88.0,15.6,12.35,0.168,37.9,2.623,NORMAL
90.0,15.75,12.187,0.24,37.5,3.78,NORMAL
92.0,15.55,11.979,0.25,38.2,3.888,NORMAL
94.0,15.4,11.983,0.24,37.8,3.696,NORMAL
96.0,15.65,12.104,0.24,38.1,3.756,NORMAL
98.0,15.39,11.738,0.25,38.0,3.848,NORMAL
100.0,15.68,12.206,0.25,38.5,3.92,NORMAL
102.0,15.28,11.857,0.24,38.2,3.667,NORMAL
104.0,15.72,12.245,0.27,38.3,4.244,NORMAL
106.0,15.82,12.271,0.25,37.9,3.955,NORMAL
108.0,15.42,11.905,0.25,37.8,3.855,NORMAL
110.0,16.14,12.204,0.24,38.3,3.874,NORMAL
112.0,15.49,11.816,0.26,38.0,4.027,NORMAL
114.0,15.43,11.928,0.25,37.7,3.857,NORMAL
116.0,15.61,12.106,0.25,39.0,3.902,NORMAL
118.0,15.13,11.79,0.25,37.7,3.783,NORMAL
120.0,15.41,11.991,0.25,38.2,3.853,NORMAL
122.0,15.046,11.555,0.25,37.8,3.761,NORMAL
124.0,16.01,12.426,0.25,37.4,4.003,NORMAL
126.0,16.1,12.316,0.26,37.3,4.186,NORMAL
128.0,15.9,12.33,0.25,38.2,3.975,NORMAL
130.0,15.38,11.745,0.25,36.5,3.845,NORMAL
132.0,15.54,11.809,0.24,38.7,3.73,NORMAL
134.0,15.5,11.78,0.25,38.7,3.875,NORMAL
136.0,15.87,12.27,0.25,37.6,3.967,NORMAL
138.0,15.65,12.012,0.25,38.0,3.913,NORMAL
140.0,15.63,11.895,0.25,38.7,3.908,NORMAL
142.0,16.1,12.449,0.24,37.9,3.864,NORMAL
144.0,15.67,12.013,0.25,37.9,3.917,NORMAL
146.0,15.46,11.841,0.26,38.2,4.02,NORMAL
148.0,15.81,12.248,0.25,38.4,3.953,NORMAL
150.0,15.41,11.961,0.25,38.3,3.853,NORMAL
152.0,15.6,11.952,0.25,38.6,3.9,NORMAL
154.0,15.73,12.248,0.25,37.9,3.933,NORMAL
156.0,15.79,12.16,0.26,38.6,4.105,NORMAL
158.0,15.76,12.12,0.25,38.1,3.94,NORMAL
160.0,15.62,12.289,0.25,37.6,3.905,NORMAL
162.0,15.36,11.947,0.24,38.5,3.686,NORMAL
164.0,15.75,12.02,0.25,38.0,3.938,NORMAL
166.0,15.62,12.019,0.25,38.4,3.905,NORMAL
168.0,15.41,11.821,0.25,38.2,3.853,NORMAL
170.0,15.41,11.828,0.25,38.1,3.853,NORMAL
172.0,15.49,11.777,0.25,37.3,3.873,NORMAL
174.0,15.43,12.078,0.25,38.1,3.857,NORMAL
176.0,15.8,12.042,0.25,38.0,3.95,NORMAL
178.0,15.6,11.923,0.25,38.1,3.9,NORMAL
180.0,15.72,12.156,0.26,38.0,4.087,NORMAL
182.0,15.76,12.137,0.25,38.1,3.94,NORMAL
184.0,15.62,12.097,0.25,38.0,3.905,NORMAL
186.0,15.94,12.169,0.26,39.0,4.144,NORMAL
188.0,15.8,12.066,0.25,39.0,3.95,NORMAL
190.0,15.4,11.819,0.25,37.0,3.85,NORMAL
192.0,15.42,12.119,0.25,38.2,3.855,NORMAL
194.0,15.82,12.238,0.25,37.6,3.955,NORMAL
196.0,15.29,11.748,0.26,38.5,3.975,NORMAL
198.0,15.2,11.885,0.26,37.9,3.952,NORMAL
200.0,15.23,11.766,0.25,38.0,3.808,NORMAL
202.0,15.49,11.928,0.25,37.5,3.873,NORMAL
204.0,15.63,11.908,0.25,38.3,3.908,NORMAL
206.0,15.24,11.68,0.26,38.2,3.962,NORMAL
208.0,15.96,12.286,0.25,38.5,3.99,NORMAL
210.0,16.08,12.482,0.26,37.9,4.181,NORMAL
212.0,15.75,12.212,0.26,37.6,4.095,NORMAL
214.0,15.85,11.951,0.24,37.5,3.804,NORMAL
216.0,15.54,11.989,0.25,38.7,3.885,NORMAL
218.0,15.98,12.285,0.24,37.2,3.835,NORMAL
220.0,15.69,12.076,0.25,37.1,3.922,NORMAL
222.0,15.29,11.692,0.25,38.2,3.822,NORMAL
224.0,15.48,12.052,0.24,38.0,3.715,NORMAL
226.0,15.37,11.766,0.25,37.8,3.842,NORMAL
228.0,15.57,11.858,0.24,37.7,3.737,NORMAL
230.0,16.06,12.374,0.25,37.7,4.015,BORDERLINE_OVERVOLTAGE
232.0,15.57,12.092,0.25,38.3,3.893,NORMAL
234.0,15.48,11.663,0.25,37.9,3.87,NORMAL
236.0,15.25,11.746,0.26,38.8,3.965,NORMAL
238.0,15.73,12.25,0.25,39.4,3.933,NORMAL
240.0,15.57,12.026,0.24,37.3,3.737,NORMAL
242.0,15.42,11.767,0.24,37.7,3.701,NORMAL
244.0,15.99,12.48,0.26,38.0,4.157,NORMAL
246.0,15.62,12.102,0.24,38.7,3.749,NORMAL
248.0,15.36,11.689,0.25,37.6,3.84,NORMAL
250.0,15.82,12.247,0.26,37.4,4.113,NORMAL
252.0,15.45,11.814,0.25,37.7,3.862,NORMAL
254.0,15.61,12.024,0.24,38.1,3.746,NORMAL
256.0,15.54,12.071,0.24,37.7,3.73,NORMAL
258.0,15.72,12.198,0.24,38.0,3.773,NORMAL
260.0,15.21,11.814,0.25,37.7,3.803,NORMAL
262.0,15.42,11.901,0.24,37.3,3.701,NORMAL
264.0,15.66,11.865,0.24,38.3,3.758,NORMAL
266.0,15.58,12.014,0.24,37.7,3.739,NORMAL
268.0,15.4,11.813,0.25,38.5,3.85,NORMAL
270.0,15.8,12.339,0.24,38.2,3.792,NORMAL
272.0,15.02,11.589,0.25,38.3,3.755,NORMAL
274.0,15.69,12.067,0.25,38.0,3.922,NORMAL
276.0,15.87,12.163,0.25,38.2,3.967,NORMAL
278.0,15.49,11.895,0.25,38.2,3.873,NORMAL
280.0,15.67,12.033,0.26,38.4,4.074,NORMAL
282.0,15.88,12.097,0.25,37.1,3.97,NORMAL
284.0,15.16,11.908,0.25,38.0,3.79,NORMAL
286.0,15.68,11.812,0.25,38.4,3.92,NORMAL
288.0,15.66,12.203,0.25,37.3,3.915,NORMAL
290.0,15.68,12.353,0.25,38.3,3.92,NORMAL
292.0,15.64,11.949,0.25,37.8,3.91,NORMAL
294.0,15.79,12.099,0.24,38.0,3.79,NORMAL
296.0,15.71,12.039,0.25,38.5,3.928,NORMAL
298.0,15.54,12.025,0.24,37.8,3.73,NORMAL
300.0,15.78,12.315,0.24,38.4,3.787,NORMAL
302.0,15.7,11.943,0.26,37.6,4.082,NORMAL
304.0,15.18,11.719,0.26,38.3,3.947,NORMAL
306.0,15.67,12.088,0.24,39.1,3.761,NORMAL
308.0,15.63,12.071,0.25,38.2,3.908,NORMAL
310.0,15.42,12.055,0.25,38.9,3.855,NORMAL
312.0,15.97,12.269,0.25,37.5,3.993,NORMAL
314.0,15.61,12.214,0.26,37.2,4.059,NORMAL
316.0,15.56,11.796,0.25,37.5,3.89,NORMAL
318.0,15.79,12.0,0.25,37.4,3.947,NORMAL
320.0,15.52,11.786,0.26,37.9,4.035,NORMAL
322.0,15.54,11.974,0.25,36.8,3.885,NORMAL
324.0,15.55,12.122,0.25,38.8,3.888,NORMAL
326.0,15.54,11.987,0.24,39.2,3.73,NORMAL
328.0,15.6,12.005,0.25,38.1,3.9,NORMAL
330.0,15.47,11.866,0.25,38.0,3.868,NORMAL
332.0,15.43,12.081,0.25,37.9,3.857,NORMAL
334.0,14.98,11.344,0.26,38.6,3.895,NORMAL
336.0,15.52,11.873,0.25,37.4,3.88,NORMAL
338.0,15.34,11.989,0.26,38.4,3.988,NORMAL
340.0,15.77,12.202,0.24,37.8,3.785,NORMAL
342.0,15.31,11.773,0.25,37.9,3.828,NORMAL
344.0,15.77,12.284,0.25,37.8,3.942,NORMAL
346.0,15.35,11.809,0.25,38.3,3.837,NORMAL
348.0,15.68,12.057,0.24,38.4,3.763,NORMAL
350.0,15.48,11.77,0.26,37.7,4.025,NORMAL
352.0,15.24,11.975,0.25,37.4,3.81,NORMAL
354.0,15.11,11.665,0.26,38.1,3.929,NORMAL
356.0,15.47,12.062,0.25,38.0,3.868,NORMAL
358.0,15.63,12.037,0.25,37.8,3.908,NORMAL
360.0,15.67,12.162,0.24,37.4,3.761,NORMAL
362.0,15.64,12.093,0.25,38.0,3.91,NORMAL
364.0,15.47,11.814,0.25,38.1,3.868,NORMAL
366.0,15.7,12.151,0.24,38.5,3.768,NORMAL
368.0,15.66,12.187,0.26,38.8,4.072,NORMAL
370.0,15.17,11.722,0.24,37.7,3.641,NORMAL
372.0,15.72,12.016,0.25,38.1,3.93,NORMAL
374.0,15.46,11.762,0.24,37.6,3.71,NORMAL
376.0,15.37,12.172,0.26,37.6,3.996,NORMAL
378.0,15.72,12.192,0.25,37.6,3.93,NORMAL
380.0,15.47,11.919,0.25,39.2,3.868,NORMAL
382.0,15.87,12.43,0.25,38.0,3.967,NORMAL
384.0,15.45,11.85,0.26,38.3,4.017,NORMAL
386.0,15.75,11.938,0.26,38.3,4.095,NORMAL
388.0,15.43,11.976,0.25,38.0,3.857,NORMAL
390.0,15.64,12.125,0.24,38.2,3.754,NORMAL
392.0,15.73,12.17,0.26,38.4,4.09,NORMAL
394.0,15.58,12.033,0.24,38.2,3.739,NORMAL
396.0,15.66,12.192,0.24,37.5,3.758,NORMAL
398.0,15.59,12.019,0.25,38.0,3.897,NORMAL
400.0,15.82,12.122,0.25,38.0,3.955,NORMAL
402.0,15.5,11.895,0.25,38.1,3.875,NORMAL
404.0,15.89,12.174,0.24,37.9,3.814,NORMAL
406.0,15.94,12.081,0.29,38.5,4.623,NORMAL
408.0,15.66,12.194,0.33,38.0,5.168,NORMAL
410.0,15.48,11.894,0.37,39.0,5.728,NORMAL
412.0,15.5,11.889,0.4,38.7,6.2,NORMAL
414.0,15.5,11.842,0.41,37.4,6.355,NORMAL
416.0,15.37,11.888,0.43,38.0,6.609,NORMAL
418.0,15.96,12.251,0.45,38.4,7.182,NORMAL
420.0,15.59,12.062,0.49,37.5,7.639,OVERLOAD
422.0,15.64,12.347,0.5,38.1,7.82,NORMAL
424.0,15.45,11.85,0.5,37.7,7.725,NORMAL
426.0,15.45,11.849,0.54,38.6,8.343,OVERVOLTAGE
428.0,15.41,11.964,0.54,37.7,8.321,NORMAL
430.0,15.65,12.275,0.53,38.7,8.295,NORMAL
432.0,15.46,11.964,0.55,38.1,8.503,BORDERLINE_OVERLOAD
434.0,15.75,12.032,0.6,37.9,9.45,NORMAL
436.0,15.28,12.008,0.57,38.0,8.71,NORMAL
438.0,15.48,12.08,0.59,38.0,9.133,OVERVOLTAGE
440.0,16.19,12.57,0.58,37.8,9.39,BORDERLINE_OVERLOAD
442.0,15.76,12.092,0.62,38.3,9.771,NORMAL
444.0,15.74,12.183,0.62,38.4,9.759,OVERLOAD
446.0,15.85,12.279,0.62,38.6,9.827,NORMAL
448.0,15.56,11.896,0.61,38.6,9.492,OVERLOAD
450.0,15.69,12.241,0.61,38.0,9.571,BORDERLINE_OVERLOAD
452.0,15.64,12.141,0.62,37.4,9.697,NORMAL
454.0,15.75,12.155,0.65,37.9,10.238,NORMAL
456.0,15.66,12.099,0.61,38.0,9.553,NORMAL
458.0,15.74,12.145,0.55,37.8,8.657,NORMAL
460.0,15.85,12.114,0.51,38.1,8.084,NORMAL
462.0,15.88,12.267,0.47,37.7,7.464,NORMAL
464.0,15.97,12.515,0.47,37.7,7.506,NORMAL
466.0,15.26,11.723,0.42,38.2,6.409,NORMAL
468.0,15.36,11.786,0.44,38.1,6.758,NORMAL
470.0,15.3,11.799,0.42,38.3,6.426,NORMAL
472.0,16.03,12.241,0.38,37.3,6.091,NORMAL
474.0,15.59,12.058,0.38,37.9,5.924,NORMAL
476.0,15.31,11.95,0.38,38.0,5.818,NORMAL
478.0,15.68,12.133,0.36,38.3,5.645,NORMAL
480.0,15.75,12.215,0.36,38.1,5.67,NORMAL
482.0,15.58,12.225,0.35,37.7,5.453,NORMAL
484.0,15.59,11.934,0.31,38.1,4.833,NORMAL
486.0,15.8,11.934,0.31,37.8,4.898,NORMAL
488.0,15.49,12.036,0.29,37.3,4.492,NORMAL
490.0,15.78,12.144,0.31,37.6,4.892,NORMAL
492.0,15.6,12.128,0.29,38.7,4.524,NORMAL
494.0,15.55,11.743,0.3,38.1,4.665,NORMAL
496.0,15.54,11.947,0.29,37.5,4.507,NORMAL
498.0,16.02,12.39,0.29,37.7,4.646,NORMAL
500.0,15.93,12.177,0.29,38.0,4.62,NORMAL
502.0,15.76,12.213,0.28,38.4,4.413,NORMAL
504.0,15.85,12.224,0.27,38.6,4.28,NORMAL
506.0,16.09,12.394,0.27,38.8,4.344,NORMAL
508.0,15.45,11.967,0.27,37.9,4.171,NORMAL
510.0,15.72,12.367,0.27,38.0,4.244,NORMAL
512.0,16.0,12.32,0.27,38.0,4.32,NORMAL
514.0,15.74,11.919,0.26,37.9,4.092,NORMAL
516.0,15.69,12.277,0.27,37.8,4.236,NORMAL
518.0,15.31,11.941,0.25,38.1,3.828,NORMAL
520.0,15.99,12.294,0.26,38.5,4.157,NORMAL
522.0,15.56,11.805,0.27,38.3,4.201,NORMAL
524.0,15.95,12.319,0.27,37.7,4.306,NORMAL
526.0,15.72,12.026,0.26,37.7,4.087,NORMAL
528.0,15.59,11.971,0.27,38.2,4.209,NORMAL
530.0,15.78,11.939,0.24,38.5,3.787,NORMAL
532.0,15.52,12.105,0.25,37.4,3.88,NORMAL
534.0,15.49,12.002,0.26,38.0,4.027,NORMAL
536.0,15.62,11.977,0.25,38.5,3.905,NORMAL
538.0,15.24,11.868,0.25,38.7,3.81,NORMAL
540.0,15.52,12.215,0.25,37.9,3.88,NORMAL
542.0,15.69,12.115,0.26,38.5,4.079,NORMAL
544.0,15.54,11.976,0.25,38.0,3.885,NORMAL
546.0,15.77,12.133,0.25,38.3,3.942,NORMAL
548.0,15.62,12.078,0.24,38.4,3.749,NORMAL
550.0,15.83,12.168,0.23,39.0,3.641,NORMAL
552.0,15.86,12.078,0.25,38.3,3.965,NORMAL
554.0,15.45,11.942,0.26,37.9,4.017,NORMAL
556.0,15.8,12.208,0.25,38.1,3.95,OVERVOLTAGE
558.0,16.16,12.549,0.25,38.1,4.04,NORMAL
560.0,15.86,12.067,0.26,38.3,4.124,NORMAL
562.0,15.98,12.199,0.24,38.1,3.835,NORMAL
564.0,15.58,12.059,0.25,38.1,3.895,NORMAL
566.0,15.98,12.41,0.25,37.9,3.995,NORMAL
568.0,15.88,12.306,0.24,38.3,3.811,NORMAL
570.0,15.53,11.988,0.26,37.9,4.038,NORMAL
572.0,15.56,11.822,0.25,37.5,3.89,NORMAL
574.0,15.97,12.02,0.25,37.5,3.993,NORMAL
576.0,15.45,12.037,0.24,38.7,3.708,NORMAL
578.0,15.44,11.871,0.26,38.4,4.014,NORMAL
580.0,15.02,11.421,0.26,37.4,3.905,NORMAL
582.0,15.84,12.261,0.27,38.6,4.277,NORMAL
584.0,15.74,12.156,0.26,38.3,4.092,NORMAL
586.0,15.62,12.003,0.25,37.7,3.905,NORMAL
588.0,15.2,11.61,0.25,37.5,3.8,NORMAL
590.0,15.64,11.862,0.26,38.4,4.066,NORMAL
592.0,15.37,11.833,0.26,37.6,3.996,NORMAL
594.0,15.73,11.953,0.17,38.0,2.668,NORMAL
596.0,15.46,11.976,0.25,37.3,3.865,NORMAL
598.0,15.6,12.187,0.25,38.1,3.9,NORMAL
600.0,15.63,12.109,0.25,38.1,3.908,NORMAL
602.0,15.61,11.95,0.25,37.7,3.902,NORMAL
604.0,15.27,11.708,0.26,37.4,3.97,NORMAL
606.0,15.43,12.051,0.26,37.9,4.012,NORMAL
608.0,15.44,12.165,0.25,37.6,3.86,NORMAL
610.0,15.32,11.874,0.25,38.3,3.83,NORMAL
612.0,15.56,11.977,0.25,38.0,3.89,NORMAL
614.0,15.83,12.018,0.26,37.7,4.116,NORMAL
616.0,15.58,12.205,0.27,37.6,4.207,NORMAL
618.0,15.99,12.499,0.25,38.3,3.998,NORMAL
620.0,15.51,11.838,0.25,37.7,3.877,NORMAL
622.0,15.45,11.825,0.24,38.0,3.708,NORMAL
624.0,15.65,12.158,0.24,38.2,3.756,NORMAL
626.0,15.13,11.549,0.25,38.6,3.783,NORMAL
628.0,15.99,12.292,0.25,37.7,3.998,NORMAL
630.0,15.73,12.003,0.25,38.2,3.933,NORMAL
632.0,15.64,11.942,0.24,37.9,3.754,NORMAL
634.0,15.43,11.975,0.26,38.5,4.012,NORMAL
636.0,15.34,11.856,0.25,38.6,3.835,NORMAL
638.0,16.14,12.366,0.25,38.1,4.035,NORMAL
640.0,15.63,12.159,0.25,38.3,3.908,NORMAL
642.0,15.42,11.956,0.24,37.2,3.701,NORMAL
644.0,15.34,12.134,0.24,38.2,3.682,NORMAL
646.0,15.6,12.011,0.26,38.0,4.056,NORMAL
648.0,15.82,12.217,0.25,38.1,3.955,NORMAL
650.0,15.44,11.819,0.26,37.9,4.014,NORMAL
652.0,15.73,12.113,0.24,38.0,3.775,NORMAL
654.0,15.85,12.299,0.25,38.0,3.962,NORMAL
656.0,15.93,12.095,0.25,38.0,3.982,NORMAL
658.0,15.35,11.824,0.25,37.7,3.837,NORMAL
660.0,15.61,12.088,0.25,38.0,3.902,NORMAL
662.0,15.62,12.019,0.24,37.6,3.749,BORDERLINE_OVERVOLTAGE
664.0,15.32,11.969,0.25,38.7,3.83,NORMAL
666.0,15.55,11.947,0.26,38.1,4.043,NORMAL
668.0,15.46,11.944,0.25,37.8,3.865,NORMAL
670.0,15.64,12.194,0.25,38.2,3.91,NORMAL
672.0,15.82,12.292,0.24,36.8,3.797,NORMAL
674.0,15.28,11.584,0.25,37.5,3.82,NORMAL
676.0,15.73,11.801,0.25,37.7,3.933,NORMAL
678.0,15.47,11.953,0.25,37.3,3.868,NORMAL
680.0,15.6,11.906,0.25,38.1,3.9,NORMAL
682.0,15.88,12.107,0.25,38.0,3.97,NORMAL
684.0,15.5,12.156,0.24,37.9,3.72,NORMAL
686.0,15.28,11.772,0.24,38.7,3.667,NORMAL
688.0,15.44,12.127,0.26,37.7,4.014,NORMAL
690.0,15.76,12.062,0.25,39.0,3.94,NORMAL
692.0,15.77,12.332,0.25,38.6,3.942,NORMAL
694.0,15.61,11.948,0.25,38.2,3.902,NORMAL
696.0,16.07,12.378,0.25,37.8,4.018,NORMAL
698.0,15.28,11.719,0.24,38.5,3.667,NORMAL
700.0,15.36,11.938,0.25,38.5,3.84,NORMAL
702.0,15.83,12.368,0.25,37.4,3.958,NORMAL
704.0,15.52,12.033,0.25,38.6,3.88,NORMAL
706.0,15.71,12.213,0.26,37.7,4.085,NORMAL
708.0,15.61,12.091,0.25,38.7,3.902,NORMAL
710.0,15.73,12.013,0.26,37.8,4.09,NORMAL
712.0,15.36,11.722,0.24,38.9,3.686,NORMAL
714.0,15.55,12.085,0.25,38.1,3.888,NORMAL
716.0,15.8,12.198,0.25,37.9,3.95,NORMAL
718.0,15.54,12.068,0.26,38.2,4.04,NORMAL
720.0,15.76,11.978,0.26,38.1,4.098,NORMAL
722.0,15.69,12.157,0.25,37.8,3.922,NORMAL
724.0,15.89,12.436,0.25,38.1,3.973,NORMAL
726.0,15.66,11.853,0.27,38.3,4.228,NORMAL
728.0,15.78,12.232,0.25,38.6,3.945,NORMAL
730.0,15.57,11.899,0.24,37.9,3.737,NORMAL
732.0,15.46,11.971,0.25,38.8,3.865,NORMAL
734.0,15.32,11.753,0.25,38.5,3.83,NORMAL
736.0,15.57,12.079,0.25,37.6,3.893,NORMAL
738.0,15.57,11.949,0.25,37.6,3.893,NORMAL
740.0,15.77,12.094,0.25,38.8,3.942,NORMAL
742.0,15.65,11.846,0.26,37.4,4.069,NORMAL
744.0,15.24,12.069,0.26,37.7,3.962,NORMAL
746.0,15.47,12.17,0.25,38.7,3.868,NORMAL
748.0,16.08,12.435,0.26,38.5,4.181,NORMAL
750.0,15.78,12.15,0.25,37.6,3.945,NORMAL
752.0,15.56,12.109,0.25,38.3,3.89,NORMAL
754.0,15.62,12.013,0.26,37.5,4.061,NORMAL
756.0,15.43,11.888,0.24,38.0,3.703,NORMAL
758.0,15.95,12.498,0.25,37.5,3.987,NORMAL
760.0,15.89,12.11,0.25,37.9,3.973,NORMAL
762.0,15.51,12.144,0.26,38.9,4.033,NORMAL
764.0,15.49,11.734,0.24,38.1,3.718,NORMAL
766.0,15.68,11.887,0.25,37.8,3.92,NORMAL
768.0,15.72,11.76,0.25,37.5,3.93,NORMAL
770.0,15.59,11.961,0.26,38.8,4.053,NORMAL
772.0,15.46,11.96,0.25,37.5,3.865,NORMAL
774.0,15.78,12.125,0.26,38.0,4.103,NORMAL
776.0,15.39,11.918,0.24,37.9,3.694,NORMAL
778.0,15.81,12.138,0.24,38.7,3.794,NORMAL
780.0,15.6,12.129,0.25,36.9,3.9,NORMAL
782.0,15.77,12.206,0.25,38.0,3.942,NORMAL
784.0,15.23,11.613,0.25,38.4,3.808,NORMAL
786.0,15.67,12.068,0.24,38.2,3.761,NORMAL
788.0,15.3,11.715,0.26,37.7,3.978,BORDERLINE_OVERVOLTAGE
790.0,15.8,12.172,0.26,37.5,4.108,NORMAL
792.0,15.92,12.204,0.25,38.1,3.98,NORMAL
794.0,15.68,11.726,0.25,37.5,3.92,NORMAL
796.0,16.03,12.202,0.26,36.9,4.168,NORMAL
798.0,16.12,12.3,0.26,38.0,4.191,OVERVOLTAGE
800.0,15.97,12.186,0.26,37.7,4.152,NORMAL
802.0,15.94,12.462,0.24,38.1,3.826,NORMAL
804.0,16.17,12.232,0.25,37.9,4.043,NORMAL
806.0,16.33,12.939,0.25,37.9,4.082,NORMAL
808.0,16.22,12.604,0.25,37.8,4.055,NORMAL
810.0,16.2,12.364,0.24,38.4,3.888,NORMAL
812.0,16.65,12.929,0.26,37.8,4.329,NORMAL
814.0,16.23,12.363,0.26,38.2,4.22,NORMAL
816.0,16.08,12.312,0.26,37.8,4.181,NORMAL
818.0,16.02,12.188,0.25,38.9,4.005,NORMAL
820.0,16.27,12.553,0.26,38.0,4.23,NORMAL
822.0,16.02,12.441,0.25,37.9,4.005,NORMAL
824.0,16.58,12.757,0.27,38.3,4.477,NORMAL
826.0,16.35,12.516,0.25,38.2,4.088,NORMAL
828.0,16.35,12.696,0.26,37.5,4.251,NORMAL
830.0,16.56,12.624,0.25,37.0,4.14,NORMAL
832.0,16.49,12.588,0.25,37.5,4.122,NORMAL
834.0,16.32,12.486,0.25,37.9,4.08,NORMAL
836.0,15.97,12.245,0.24,38.7,3.833,NORMAL
838.0,16.31,12.471,0.26,38.5,4.241,NORMAL
840.0,16.08,12.402,0.25,37.6,4.02,NORMAL
842.0,15.66,12.089,0.26,37.8,4.072,NORMAL
844.0,15.97,12.226,0.25,38.3,3.993,NORMAL
846.0,16.08,12.602,0.24,38.1,3.859,NORMAL
848.0,15.61,12.051,0.25,38.2,3.902,NORMAL
850.0,15.91,12.378,0.25,38.3,3.978,NORMAL
852.0,15.9,12.467,0.25,38.3,3.975,NORMAL
854.0,15.75,12.114,0.24,38.5,3.78,NORMAL
856.0,15.25,11.764,0.26,37.8,3.965,NORMAL
858.0,15.83,12.132,0.25,38.3,3.958,NORMAL
860.0,15.85,12.275,0.25,38.3,3.962,NORMAL
862.0,15.5,12.048,0.26,37.8,4.03,NORMAL
864.0,15.79,12.115,0.26,37.9,4.105,NORMAL
866.0,15.69,11.891,0.25,38.4,3.922,NORMAL
868.0,15.44,12.113,0.24,38.4,3.706,NORMAL
870.0,15.65,12.198,0.25,38.0,3.913,NORMAL
872.0,15.45,11.976,0.25,38.4,3.862,NORMAL
874.0,15.71,12.182,0.26,36.8,4.085,NORMAL
876.0,15.5,12.116,0.24,38.2,3.72,NORMAL
878.0,15.62,12.195,0.26,38.7,4.061,NORMAL
880.0,16.03,12.129,0.25,38.0,4.008,NORMAL
882.0,15.58,11.987,0.24,39.0,3.739,NORMAL
884.0,15.67,12.277,0.25,38.0,3.917,NORMAL
886.0,15.49,11.787,0.25,37.7,3.873,NORMAL
888.0,15.49,11.862,0.25,37.8,3.873,NORMAL
890.0,15.3,11.9,0.25,37.3,3.825,NORMAL
892.0,15.64,11.96,0.24,37.9,3.754,NORMAL
894.0,15.7,12.107,0.26,37.1,4.082,NORMAL
896.0,15.58,11.918,0.25,38.1,3.895,NORMAL
898.0,15.54,11.983,0.25,38.5,3.885,NORMAL
900.0,16.06,12.161,0.25,37.7,4.015,NORMAL
902.0,15.19,11.792,0.24,38.1,3.646,NORMAL
904.0,15.24,11.785,0.26,37.8,3.962,NORMAL
906.0,15.99,12.189,0.26,37.9,4.157,NORMAL
908.0,15.11,11.561,0.25,37.9,3.777,NORMAL
910.0,15.58,11.93,0.25,37.9,3.895,NORMAL
912.0,15.65,12.228,0.25,37.5,3.913,NORMAL
914.0,15.58,12.036,0.25,38.3,3.895,NORMAL
916.0,15.83,12.229,0.25,37.7,3.958,NORMAL
918.0,15.34,11.814,0.25,38.0,3.835,NORMAL
920.0,15.58,12.02,0.24,37.7,3.739,NORMAL
922.0,15.64,11.947,0.24,38.6,3.754,OVERVOLTAGE
924.0,15.83,12.402,0.25,37.7,3.958,NORMAL
926.0,15.32,11.745,0.26,38.5,3.983,NORMAL
928.0,15.93,12.288,0.25,38.1,3.982,NORMAL
930.0,15.57,11.792,0.26,38.4,4.048,NORMAL
932.0,15.91,12.38,0.24,38.5,3.818,NORMAL
934.0,15.35,11.82,0.25,37.5,3.837,NORMAL
936.0,15.53,12.14,0.25,38.6,3.882,NORMAL
938.0,15.47,11.835,0.25,37.2,3.868,NORMAL
940.0,15.83,12.113,0.26,37.4,4.116,NORMAL
942.0,15.6,12.074,0.25,37.6,3.9,NORMAL
944.0,15.49,11.946,0.25,38.2,3.873,NORMAL
946.0,15.5,11.908,0.25,38.0,3.875,NORMAL
948.0,15.54,11.945,0.26,38.3,4.04,NORMAL
950.0,15.76,12.181,0.25,38.5,3.94,NORMAL
952.0,15.58,11.873,0.25,37.3,3.895,NORMAL
954.0,15.32,12.088,0.25,38.8,3.83,NORMAL
956.0,15.75,12.063,0.25,37.2,3.938,NORMAL
958.0,15.42,11.839,0.25,37.9,3.855,NORMAL
960.0,15.14,11.725,0.25,37.5,3.785,NORMAL
962.0,16.09,12.334,0.24,36.8,3.862,NORMAL
964.0,15.86,12.267,0.26,37.4,4.124,NORMAL
966.0,15.49,11.765,0.25,39.2,3.873,NORMAL
968.0,15.66,12.077,0.25,38.5,3.915,NORMAL
970.0,15.67,12.031,0.25,38.1,3.917,NORMAL
972.0,15.75,12.125,0.25,38.2,3.938,NORMAL
974.0,15.86,12.361,0.25,37.2,3.965,NORMAL
976.0,15.39,12.037,0.25,37.7,3.848,NORMAL
978.0,15.1,11.695,0.27,38.5,4.077,NORMAL
980.0,15.59,12.093,0.25,38.2,3.897,NORMAL
982.0,15.73,12.096,0.25,37.9,3.933,NORMAL
984.0,15.55,11.635,0.26,38.3,4.043,NORMAL
986.0,15.75,12.082,0.25,38.0,3.938,NORMAL
988.0,15.86,12.256,0.26,37.6,4.124,NORMAL
990.0,15.37,11.962,0.24,37.7,3.689,NORMAL
992.0,15.82,12.241,0.25,38.3,3.955,NORMAL
994.0,15.45,12.006,0.25,38.4,3.862,NORMAL
996.0,15.88,12.351,0.25,38.2,3.97,NORMAL
998.0,15.59,11.926,0.24,37.9,3.742,NORMAL
1000.0,15.44,11.873,0.25,37.6,3.86,NORMAL
1002.0,15.16,11.616,0.25,38.0,3.79,NORMAL
1004.0,15.75,12.036,0.26,37.3,4.095,NORMAL
1006.0,15.42,11.872,0.24,38.4,3.701,NORMAL
1008.0,15.54,11.832,0.24,38.3,3.73,NORMAL
1010.0,15.61,11.872,0.25,38.6,3.902,NORMAL
1012.0,14.89,11.663,0.28,38.8,4.169,NORMAL
1014.0,15.65,11.941,0.3,38.4,4.695,NORMAL
1016.0,19.06,14.869,0.34,38.5,6.481,NORMAL
1018.0,15.69,11.872,0.35,38.0,5.491,NORMAL
1020.0,15.44,11.928,0.37,37.8,5.713,OVERVOLTAGE
1022.0,15.41,11.887,0.4,38.0,6.164,NORMAL
1024.0,15.52,11.862,0.41,38.4,6.363,NORMAL
1026.0,15.45,11.819,0.42,37.4,6.489,NORMAL
1028.0,15.49,11.968,0.44,38.1,6.816,NORMAL
1030.0,15.8,12.152,0.44,38.2,6.952,NORMAL
1032.0,15.66,12.049,0.45,36.9,7.047,NORMAL
1034.0,15.93,12.408,0.48,38.4,7.646,BORDERLINE_OVERLOAD
1036.0,15.62,11.999,0.48,37.7,7.498,NORMAL
1038.0,15.74,12.067,0.5,37.9,7.87,BORDERLINE_OVERLOAD
1040.0,15.6,11.747,0.5,37.3,7.8,NORMAL
1042.0,15.47,11.913,0.48,37.8,7.426,NORMAL
1044.0,15.49,11.981,0.52,38.1,8.055,OVERVOLTAGE
1046.0,15.75,12.12,0.49,38.5,7.718,NORMAL
1048.0,15.76,12.235,0.5,37.3,7.88,NORMAL
1050.0,15.69,12.222,0.5,37.6,7.845,OVERLOAD
1052.0,15.32,11.9,0.54,37.6,8.273,NORMAL
1054.0,15.52,11.947,0.53,37.8,8.226,NORMAL
1056.0,15.61,11.968,0.51,38.3,7.961,BORDERLINE_OVERLOAD
1058.0,15.55,11.964,0.51,36.8,7.931,OVERLOAD
1060.0,16.16,12.386,0.54,38.0,8.726,NORMAL
1062.0,15.61,12.164,0.54,37.5,8.429,NORMAL
1064.0,15.77,12.145,0.54,38.2,8.516,NORMAL
1066.0,15.76,12.066,0.54,37.8,8.51,NORMAL
1068.0,15.62,11.86,0.56,37.4,8.747,BORDERLINE_OVERLOAD
1070.0,15.64,12.08,0.54,38.1,8.446,BORDERLINE_OVERLOAD
1072.0,15.55,11.888,0.56,37.3,8.708,BORDERLINE_OVERLOAD
1074.0,15.58,12.208,0.52,37.9,8.102,NORMAL
1076.0,15.6,11.949,0.54,37.4,8.424,NORMAL
1078.0,15.51,12.026,0.54,38.6,8.375,NORMAL
1080.0,15.34,11.974,0.55,38.2,8.437,OVERLOAD
1082.0,15.97,12.13,0.53,37.6,8.464,NORMAL
1084.0,15.55,11.978,0.55,38.5,8.553,NORMAL
1086.0,15.53,12.223,0.55,37.6,8.542,NORMAL
1088.0,15.22,11.755,0.55,38.9,8.371,NORMAL
1090.0,15.56,12.159,0.54,37.9,8.402,BORDERLINE_OVERLOAD
1092.0,15.08,11.624,0.57,37.4,8.596,NORMAL
1094.0,15.5,12.007,0.55,37.3,8.525,OVERVOLTAGE
1096.0,16.07,12.273,0.53,38.1,8.517,NORMAL
1098.0,15.7,12.152,0.55,37.7,8.635,NORMAL
1100.0,16.02,12.16,0.51,38.3,8.17,NORMAL
1102.0,15.38,11.909,0.5,38.7,7.69,NORMAL
1104.0,15.53,12.046,0.47,37.4,7.299,NORMAL
1106.0,15.81,12.204,0.44,37.8,6.956,NORMAL
1108.0,15.5,11.922,0.42,39.0,6.51,NORMAL
1110.0,15.52,11.944,0.4,38.3,6.208,NORMAL
1112.0,15.45,11.845,0.41,38.6,6.334,NORMAL
1114.0,15.16,11.804,0.39,37.7,5.912,NORMAL
1116.0,15.14,11.783,0.37,37.4,5.602,NORMAL
1118.0,15.6,12.105,0.35,37.8,5.46,NORMAL
1120.0,15.62,11.848,0.35,38.9,5.467,NORMAL
1122.0,15.98,12.128,0.33,37.6,5.273,NORMAL
1124.0,15.56,12.176,0.33,37.9,5.135,NORMAL
1126.0,15.26,11.825,0.32,37.4,4.883,NORMAL
1128.0,15.81,12.195,0.31,36.8,4.901,NORMAL
1130.0,15.7,11.964,0.31,38.6,4.867,NORMAL
1132.0,15.76,12.175,0.31,37.2,4.886,NORMAL
1134.0,15.48,11.88,0.29,38.2,4.489,NORMAL
1136.0,15.44,11.78,0.29,37.5,4.478,NORMAL
1138.0,15.76,12.192,0.28,38.3,4.413,NORMAL
1140.0,15.2,11.625,0.28,38.5,4.256,NORMAL
1142.0,15.49,11.915,0.28,38.4,4.337,NORMAL
1144.0,15.46,12.04,0.29,38.8,4.483,NORMAL
1146.0,15.62,12.1,0.27,37.6,4.217,NORMAL
1148.0,15.7,11.912,0.28,38.3,4.396,NORMAL
1150.0,15.85,12.23,0.26,37.8,4.121,NORMAL
1152.0,16.07,12.332,0.29,38.3,4.66,NORMAL
1154.0,15.73,12.332,0.27,37.9,4.247,NORMAL
1156.0,15.65,12.109,0.27,38.3,4.226,NORMAL
1158.0,15.8,12.03,0.26,37.7,4.108,NORMAL
1160.0,15.7,12.296,0.27,38.2,4.239,NORMAL
1162.0,15.6,11.976,0.26,37.5,4.056,NORMAL
1164.0,15.76,12.127,0.26,37.9,4.098,NORMAL
1166.0,15.24,11.836,0.26,38.4,3.962,NORMAL
1168.0,15.72,12.028,0.26,38.0,4.087,NORMAL
1170.0,15.76,12.072,0.26,38.2,4.098,NORMAL
1172.0,15.1,11.568,0.26,37.8,3.926,NORMAL
1174.0,15.76,12.211,0.25,38.5,3.94,NORMAL
1176.0,15.76,12.167,0.25,38.6,3.94,NORMAL
1178.0,15.51,12.008,0.26,37.2,4.033,NORMAL
1180.0,15.36,11.985,0.25,37.3,3.84,NORMAL
1182.0,15.45,11.713,0.26,37.8,4.017,NORMAL
1184.0,15.34,11.774,0.26,37.9,3.988,NORMAL
1186.0,15.64,12.225,0.26,38.5,4.066,OVERLOAD
1188.0,15.52,11.997,0.24,37.8,3.725,NORMAL
1190.0,15.37,11.854,0.25,38.2,3.842,NORMAL
1192.0,15.61,11.919,0.25,37.9,3.902,NORMAL
1194.0,15.81,12.058,0.26,37.2,4.111,NORMAL
1196.0,15.25,11.604,0.25,38.0,3.812,NORMAL
1198.0,15.38,11.875,0.25,38.1,3.845,NORMAL
1200.0,15.43,11.87,0.25,37.8,3.857,NORMAL
1202.0,15.99,12.4,0.26,37.4,4.157,NORMAL
1204.0,15.79,12.344,0.24,38.4,3.79,NORMAL
1206.0,15.34,11.871,0.25,38.5,3.835,NORMAL
1208.0,15.73,11.954,0.143,38.2,2.25,NORMAL
1210.0,15.85,12.194,0.26,37.9,4.121,NORMAL
1212.0,15.24,11.761,0.25,38.3,3.81,NORMAL
1214.0,15.86,12.082,0.25,38.3,3.965,NORMAL
1216.0,15.59,11.971,0.25,38.1,3.897,NORMAL
1218.0,15.57,11.809,0.26,37.8,4.048,NORMAL
1220.0,16.01,12.398,0.26,37.4,4.163,NORMAL
1222.0,15.48,11.91,0.25,38.1,3.87,BORDERLINE_OVERVOLTAGE
1224.0,15.42,11.796,0.25,37.6,3.855,NORMAL
1226.0,15.58,12.187,0.25,38.3,3.895,NORMAL
1228.0,15.46,11.98,0.25,38.2,3.865,NORMAL
1230.0,15.62,11.888,0.25,38.2,3.905,NORMAL
1232.0,15.8,12.169,0.26,37.7,4.108,NORMAL
1234.0,15.76,12.423,0.25,38.5,3.94,NORMAL
1236.0,15.42,11.981,0.24,38.1,3.701,NORMAL
1238.0,15.55,12.07,0.26,37.4,4.043,NORMAL
1240.0,15.46,11.832,0.26,38.9,4.02,NORMAL
1242.0,15.47,11.925,0.26,37.8,4.022,NORMAL
1244.0,15.61,11.947,0.24,38.0,3.746,NORMAL
1246.0,15.48,12.035,0.26,37.4,4.025,NORMAL
1248.0,15.53,12.014,0.25,38.4,3.882,NORMAL
1250.0,15.73,12.04,0.26,37.8,4.09,NORMAL
1252.0,15.35,11.993,0.24,39.3,3.684,NORMAL
1254.0,15.28,11.861,0.24,38.2,3.667,NORMAL
1256.0,15.73,12.154,0.25,37.9,3.933,NORMAL
1258.0,15.62,11.934,0.24,37.9,3.749,NORMAL
1260.0,15.64,12.013,0.27,38.2,4.223,NORMAL
1262.0,15.82,12.252,0.25,38.2,3.955,NORMAL
1264.0,16.08,12.248,0.24,38.2,3.859,NORMAL
1266.0,15.73,12.079,0.24,37.8,3.775,NORMAL
1268.0,15.83,12.192,0.26,37.4,4.116,NORMAL
1270.0,15.43,11.866,0.24,37.9,3.703,NORMAL
1272.0,16.17,12.356,0.25,37.4,4.043,NORMAL
1274.0,15.84,11.963,0.26,37.3,4.118,NORMAL
1276.0,16.04,12.4,0.25,37.6,4.01,NORMAL
1278.0,14.98,11.691,0.25,38.1,3.745,NORMAL
1280.0,15.36,11.883,0.25,37.6,3.84,NORMAL
1282.0,15.39,11.951,0.25,37.5,3.848,NORMAL
1284.0,15.8,11.988,0.25,38.0,3.95,NORMAL
1286.0,15.53,11.84,0.25,39.2,3.882,NORMAL
1288.0,15.94,12.479,0.26,38.1,4.144,NORMAL
1290.0,15.69,12.234,0.25,38.0,3.922,NORMAL
1292.0,15.86,12.182,0.25,37.4,3.965,NORMAL
1294.0,15.41,11.834,0.25,38.6,3.853,NORMAL
1296.0,15.59,11.746,0.25,38.4,3.897,NORMAL
1298.0,15.46,11.865,0.25,38.5,3.865,NORMAL
1300.0,15.16,11.572,0.25,37.7,3.79,NORMAL
1302.0,15.45,11.654,0.25,37.7,3.862,NORMAL
1304.0,15.81,12.033,0.26,38.3,4.111,NORMAL
1306.0,15.55,12.067,0.25,38.3,3.888,NORMAL
1308.0,15.43,12.076,0.25,38.2,3.857,NORMAL
1310.0,15.76,12.307,0.25,38.0,3.94,NORMAL
1312.0,15.7,12.178,0.24,38.6,3.768,NORMAL
1314.0,15.5,12.007,0.25,38.1,3.875,NORMAL
1316.0,15.65,12.187,0.25,38.8,3.913,NORMAL
1318.0,15.64,12.099,0.26,37.5,4.066,NORMAL
1320.0,16.02,12.239,0.25,37.6,4.005,NORMAL
1322.0,15.35,11.679,0.25,37.8,3.837,NORMAL
1324.0,15.6,12.205,0.26,37.6,4.056,NORMAL
1326.0,15.72,12.211,0.26,37.7,4.087,NORMAL
1328.0,15.34,11.904,0.26,38.1,3.988,NORMAL
1330.0,15.32,11.712,0.24,38.3,3.677,NORMAL
1332.0,15.71,11.951,0.24,38.4,3.77,NORMAL
1334.0,15.73,12.185,0.25,37.7,3.933,NORMAL
1336.0,15.66,11.828,0.25,37.5,3.915,NORMAL
1338.0,15.68,12.047,0.24,38.0,3.763,NORMAL
1340.0,15.76,12.225,0.25,37.8,3.94,NORMAL
1342.0,15.68,11.894,0.25,38.2,3.92,NORMAL
1344.0,15.78,12.12,0.25,37.5,3.945,NORMAL
1346.0,15.59,12.188,0.25,38.2,3.897,NORMAL
1348.0,15.85,12.362,0.24,38.3,3.804,NORMAL
1350.0,15.69,12.21,0.26,38.9,4.079,NORMAL
1352.0,15.66,12.068,0.26,38.1,4.072,NORMAL
1354.0,15.52,12.149,0.26,37.6,4.035,NORMAL
1356.0,15.72,11.853,0.24,38.2,3.773,NORMAL
1358.0,15.75,12.144,0.26,37.7,4.095,NORMAL
1360.0,16.06,12.531,0.25,37.5,4.015,NORMAL
1362.0,16.06,12.514,0.25,38.5,4.015,NORMAL
1364.0,15.43,12.103,0.25,38.6,3.857,NORMAL
1366.0,15.73,12.05,0.24,38.9,3.775,NORMAL
1368.0,15.52,12.068,0.25,38.7,3.88,NORMAL
1370.0,15.7,12.161,0.25,38.0,3.925,NORMAL
1372.0,15.01,11.472,0.25,38.1,3.752,NORMAL
1374.0,15.69,12.276,0.25,38.8,3.922,NORMAL
1376.0,15.49,11.891,0.25,38.0,3.873,NORMAL
1378.0,15.65,12.133,0.25,37.5,3.913,NORMAL
1380.0,15.75,12.052,0.24,38.4,3.78,NORMAL
1382.0,15.66,12.12,0.26,38.0,4.072,NORMAL
1384.0,15.48,11.849,0.25,37.9,3.87,NORMAL
1386.0,15.56,11.96,0.24,37.8,3.734,NORMAL
1388.0,15.54,12.038,0.25,38.0,3.885,NORMAL
1390.0,15.8,12.037,0.25,37.5,3.95,NORMAL
1392.0,15.49,11.79,0.25,37.6,3.873,NORMAL
1394.0,15.49,11.878,0.25,38.3,3.873,NORMAL
1396.0,15.5,11.851,0.24,38.0,3.72,NORMAL
1398.0,15.73,12.151,0.24,37.8,3.775,NORMAL
1400.0,15.64,11.93,0.27,38.2,4.223,NORMAL
1402.0,15.58,11.908,0.24,38.0,3.739,NORMAL
1404.0,15.81,12.094,0.25,37.9,3.953,NORMAL
1406.0,16.01,12.413,0.25,38.8,4.003,NORMAL
1408.0,15.71,11.867,0.25,38.2,3.928,NORMAL
1410.0,15.53,11.805,0.26,38.0,4.038,NORMAL
1412.0,15.59,12.008,0.26,38.6,4.053,NORMAL
1414.0,15.82,12.066,0.25,37.2,3.955,NORMAL
1416.0,15.97,12.247,0.25,37.9,3.993,NORMAL
1418.0,16.05,12.321,0.26,39.0,4.173,NORMAL
1420.0,15.67,11.931,0.24,38.7,3.761,NORMAL
1422.0,15.65,11.957,0.24,37.7,3.756,NORMAL
1424.0,15.46,12.023,0.25,37.7,3.865,NORMAL
1426.0,15.34,11.778,0.25,38.6,3.835,NORMAL
1428.0,15.43,11.926,0.25,38.5,3.857,NORMAL
1430.0,15.48,12.019,0.25,37.5,3.87,NORMAL
1432.0,15.7,11.986,0.25,37.6,3.925,NORMAL
1434.0,15.73,12.17,0.26,37.7,4.09,NORMAL
1436.0,15.11,11.57,0.25,38.0,3.777,NORMAL
1438.0,15.38,11.845,0.25,38.1,3.845,NORMAL
1440.0,15.08,11.708,0.24,37.7,3.619,NORMAL
1442.0,14.96,11.731,0.25,37.8,3.74,NORMAL
1444.0,15.51,11.704,0.25,38.1,3.877,NORMAL
1446.0,15.78,12.627,0.25,38.2,3.945,NORMAL
1448.0,15.11,11.71,0.26,37.9,3.929,NORMAL
1450.0,15.59,12.055,0.25,37.7,3.897,NORMAL
1452.0,15.24,11.635,0.25,37.8,3.81,NORMAL
1454.0,15.49,11.988,0.26,37.8,4.027,NORMAL
1456.0,15.43,12.122,0.25,38.3,3.857,NORMAL
1458.0,15.56,12.15,0.25,38.0,3.89,NORMAL
1460.0,15.43,11.895,0.25,37.9,3.857,NORMAL
1462.0,18.528,14.124,0.25,37.9,4.632,NORMAL
1464.0,15.97,12.228,0.26,38.4,4.152,NORMAL
1466.0,15.39,12.049,0.26,38.4,4.001,NORMAL
1468.0,15.46,11.877,0.25,37.3,3.865,NORMAL
1470.0,15.83,12.162,0.25,38.3,3.958,NORMAL
1472.0,15.68,11.718,0.24,38.0,3.763,NORMAL
1474.0,15.56,12.088,0.24,38.5,3.734,NORMAL
1476.0,15.71,12.312,0.26,37.6,4.085,NORMAL
1478.0,15.82,12.043,0.25,38.5,3.955,NORMAL
1480.0,15.41,11.763,0.25,37.8,3.853,NORMAL
1482.0,15.89,12.158,0.25,38.2,3.973,NORMAL
1484.0,15.17,11.71,0.25,37.1,3.792,NORMAL
1486.0,15.28,11.809,0.26,38.4,3.973,NORMAL
1488.0,15.9,12.259,0.24,38.2,3.816,NORMAL
1490.0,15.66,12.1,0.26,38.3,4.072,NORMAL
1492.0,15.21,11.758,0.24,37.9,3.65,NORMAL
1494.0,15.34,11.91,0.27,38.7,4.142,NORMAL
1496.0,15.62,12.046,0.25,37.6,3.905,NORMAL
1498.0,15.66,12.046,0.24,38.2,3.758,NORMAL
1500.0,15.15,11.925,0.24,37.8,3.636,NORMAL
1502.0,15.73,11.927,0.24,38.2,3.775,NORMAL
1504.0,15.85,12.361,0.25,38.0,3.962,NORMAL
1506.0,15.3,11.933,0.24,37.7,3.672,NORMAL
1508.0,15.24,11.833,0.23,37.8,3.505,NORMAL
1510.0,15.88,12.362,0.25,37.8,3.97,NORMAL
1512.0,15.16,11.764,0.25,38.1,3.79,NORMAL
1514.0,15.48,11.859,0.25,36.9,3.87,NORMAL
1516.0,15.71,12.154,0.24,38.0,3.77,NORMAL
1518.0,15.52,11.941,0.25,37.6,3.88,NORMAL
1520.0,15.74,12.149,0.25,37.7,3.935,NORMAL
1522.0,15.77,12.102,0.24,38.5,3.785,NORMAL
1524.0,15.7,12.008,0.26,37.4,4.082,NORMAL
1526.0,15.53,11.871,0.25,38.8,3.882,NORMAL
1528.0,15.47,11.883,0.25,37.5,3.868,OVERVOLTAGE
1530.0,15.67,12.008,0.25,38.0,3.917,NORMAL
1532.0,15.25,11.777,0.25,38.8,3.812,NORMAL
1534.0,15.65,12.263,0.25,37.4,3.913,NORMAL
1536.0,15.65,12.277,0.26,37.7,4.069,NORMAL
1538.0,15.78,12.12,0.25,38.1,3.945,NORMAL
1540.0,15.88,12.084,0.25,37.1,3.97,NORMAL
1542.0,15.56,12.141,0.25,38.0,3.89,NORMAL
1544.0,15.14,11.786,0.25,37.2,3.785,NORMAL
1546.0,15.58,12.162,0.25,37.6,3.895,NORMAL
1548.0,15.84,12.263,0.25,37.9,3.96,NORMAL
1550.0,15.43,12.03,0.26,38.8,4.012,NORMAL
1552.0,15.43,11.971,0.25,37.4,3.857,NORMAL
1554.0,15.71,12.066,0.24,37.5,3.77,NORMAL
1556.0,15.53,12.003,0.24,38.2,3.727,NORMAL
1558.0,15.55,12.186,0.25,38.5,3.888,NORMAL
1560.0,15.49,11.902,0.25,38.2,3.873,NORMAL
1562.0,15.57,12.16,0.25,37.1,3.893,NORMAL
1564.0,15.62,12.032,0.25,38.0,3.905,NORMAL
1566.0,15.19,11.785,0.26,38.0,3.949,NORMAL
1568.0,15.82,12.146,0.24,38.2,3.797,NORMAL
1570.0,15.8,12.091,0.24,38.0,3.792,NORMAL
1572.0,15.7,12.007,0.25,37.7,3.925,NORMAL
1574.0,15.57,11.957,0.24,38.4,3.737,NORMAL
1576.0,14.92,11.353,0.25,37.5,3.73,NORMAL
1578.0,15.31,11.855,0.25,38.6,3.828,NORMAL
1580.0,15.46,11.841,0.25,37.8,3.865,NORMAL
1582.0,15.33,11.85,0.24,37.8,3.679,NORMAL
1584.0,15.58,12.082,0.25,37.6,3.895,NORMAL
1586.0,15.29,11.715,0.25,37.5,3.822,NORMAL
1588.0,15.26,11.843,0.25,38.4,3.815,NORMAL
1590.0,15.83,12.145,0.25,37.5,3.958,NORMAL
1592.0,15.42,12.002,0.26,37.5,4.009,NORMAL
1594.0,15.81,12.258,0.26,37.8,4.111,NORMAL
1596.0,16.13,12.164,0.25,37.3,4.032,NORMAL
1598.0,15.77,12.196,0.24,37.8,3.785,NORMAL
1600.0,15.64,12.205,0.25,38.1,3.91,NORMAL
1602.0,15.38,11.966,0.25,37.6,3.845,NORMAL
1604.0,15.81,12.028,0.25,38.5,3.953,NORMAL
1606.0,15.99,12.518,0.26,38.3,4.157,NORMAL
1608.0,15.21,11.832,0.25,37.7,3.803,NORMAL
1610.0,15.35,11.928,0.25,38.6,3.837,NORMAL
1612.0,15.67,12.223,0.24,37.6,3.761,NORMAL
1614.0,15.78,11.904,0.25,37.8,3.945,NORMAL
1616.0,15.35,11.868,0.26,37.4,3.991,NORMAL
1618.0,15.84,12.307,0.24,38.1,3.802,NORMAL
1620.0,15.6,12.15,0.27,37.2,4.212,NORMAL
1622.0,15.56,11.906,0.25,38.2,3.89,NORMAL
1624.0,15.65,12.094,0.24,38.3,3.756,NORMAL
1626.0,15.75,12.147,0.26,38.2,4.095,NORMAL
1628.0,15.39,12.045,0.25,38.5,3.848,NORMAL
1630.0,15.54,12.121,0.25,37.6,3.885,NORMAL
1632.0,15.76,12.09,0.26,37.6,4.098,NORMAL
1634.0,15.65,11.953,0.25,37.9,3.913,NORMAL
1636.0,15.81,12.336,0.25,37.6,3.953,NORMAL
1638.0,15.87,12.281,0.25,38.0,3.967,NORMAL
1640.0,15.4,11.985,0.25,37.0,3.85,NORMAL
1642.0,15.23,11.736,0.26,37.8,3.96,OVERVOLTAGE
1644.0,15.45,11.62,0.25,38.6,3.862,NORMAL
1646.0,15.9,12.103,0.25,37.4,3.975,NORMAL
1648.0,15.99,12.438,0.24,37.5,3.838,NORMAL
1650.0,15.68,11.955,0.24,38.1,3.763,NORMAL
1652.0,15.86,12.251,0.26,38.2,4.124,NORMAL
1654.0,16.01,12.368,0.25,37.5,4.003,NORMAL
1656.0,16.09,12.421,0.24,37.8,3.862,NORMAL
1658.0,15.59,12.294,0.24,38.5,3.742,NORMAL
1660.0,15.65,12.089,0.24,37.3,3.756,NORMAL
1662.0,15.86,12.135,0.25,38.0,3.965,NORMAL
1664.0,15.34,11.656,0.26,38.4,3.988,NORMAL
1666.0,15.97,12.119,0.25,38.6,3.993,NORMAL
1668.0,15.28,12.008,0.25,38.2,3.82,NORMAL
1670.0,15.77,12.292,0.25,37.5,3.942,NORMAL
1672.0,15.37,12.049,0.26,37.9,3.996,NORMAL
1674.0,15.76,12.094,0.25,37.8,3.94,NORMAL
1676.0,15.7,12.073,0.25,37.7,3.925,NORMAL
1678.0,15.62,11.919,0.24,38.2,3.749,NORMAL
1680.0,15.33,11.671,0.24,37.2,3.679,NORMAL
1682.0,15.43,11.924,0.26,37.8,4.012,NORMAL
1684.0,15.69,11.942,0.25,38.0,3.922,NORMAL
1686.0,15.94,12.138,0.26,37.2,4.144,NORMAL
1688.0,15.53,11.886,0.24,38.2,3.727,NORMAL
1690.0,16.11,12.51,0.26,38.1,4.189,NORMAL
1692.0,15.86,12.216,0.25,37.6,3.965,NORMAL
1694.0,15.8,12.066,0.25,37.3,3.95,NORMAL
1696.0,15.58,11.842,0.25,38.9,3.895,NORMAL
1698.0,15.72,12.059,0.26,39.0,4.087,NORMAL
1700.0,15.71,12.088,0.25,38.1,3.928,NORMAL
1702.0,15.7,12.109,0.23,38.3,3.611,NORMAL
1704.0,15.55,11.939,0.26,37.7,4.043,NORMAL
1706.0,16.07,12.337,0.24,37.7,3.857,NORMAL
1708.0,15.8,12.099,0.25,37.4,3.95,NORMAL
1710.0,15.46,11.973,0.25,38.2,3.865,NORMAL
1712.0,15.18,11.888,0.26,38.1,3.947,NORMAL
1714.0,15.7,12.256,0.26,38.2,4.082,NORMAL
1716.0,15.72,12.215,0.25,39.0,3.93,NORMAL
1718.0,15.73,12.15,0.24,37.4,3.775,NORMAL
1720.0,15.63,12.235,0.25,38.1,3.908,NORMAL
1722.0,15.76,12.038,0.24,37.9,3.782,NORMAL
1724.0,15.51,11.809,0.25,37.8,3.877,NORMAL
1726.0,15.57,12.248,0.25,36.7,3.893,NORMAL
1728.0,15.85,12.056,0.25,38.0,3.962,NORMAL
1730.0,16.0,12.431,0.26,38.1,4.16,NORMAL
1732.0,15.64,12.067,0.24,37.8,3.754,NORMAL
1734.0,15.49,11.935,0.25,38.0,3.873,NORMAL
1736.0,15.61,11.875,0.24,37.7,3.746,NORMAL
1738.0,15.83,12.354,0.24,38.5,3.799,NORMAL
1740.0,15.53,11.965,0.23,37.8,3.572,NORMAL
1742.0,15.36,11.932,0.25,38.7,3.84,NORMAL
1744.0,15.38,11.842,0.24,37.9,3.691,NORMAL
1746.0,15.72,12.342,0.25,38.2,3.93,NORMAL
1748.0,15.79,12.114,0.25,37.9,3.947,NORMAL
1750.0,15.88,12.227,0.25,38.0,3.97,OVERLOAD
1752.0,15.48,11.93,0.24,38.1,3.715,NORMAL
1754.0,15.72,12.001,0.25,38.6,3.93,NORMAL
1756.0,16.0,12.364,0.24,38.2,3.84,NORMAL
1758.0,15.41,11.625,0.25,38.6,3.853,NORMAL
1760.0,15.72,12.305,0.23,37.6,3.616,NORMAL
1762.0,15.46,12.17,0.24,37.9,3.71,NORMAL
1764.0,15.17,11.936,0.24,38.7,3.641,NORMAL
1766.0,15.58,12.2,0.24,39.0,3.739,NORMAL
1768.0,15.76,12.116,0.24,38.0,3.782,NORMAL
1770.0,15.68,11.949,0.26,38.4,4.077,NORMAL
1772.0,15.92,12.429,0.25,38.3,3.98,NORMAL
1774.0,15.34,11.653,0.25,37.8,3.835,NORMAL
1776.0,15.68,12.075,0.27,37.2,4.234,NORMAL
1778.0,15.75,11.971,0.25,37.9,3.938,NORMAL
1780.0,15.65,12.202,0.25,37.0,3.913,NORMAL
1782.0,15.82,12.309,0.25,38.1,3.955,NORMAL
1784.0,15.65,12.216,0.26,37.9,4.069,NORMAL
1786.0,15.68,12.114,0.25,37.4,3.92,NORMAL
1788.0,15.41,11.762,0.25,37.6,3.853,NORMAL
1790.0,16.1,12.225,0.26,38.9,4.186,NORMAL
1792.0,15.62,11.926,0.24,37.7,3.749,NORMAL
1794.0,15.89,12.302,0.25,38.5,3.973,NORMAL
1796.0,16.14,12.547,0.24,38.6,3.874,NORMAL
1798.0,15.37,11.833,0.26,38.2,3.996,NORMAL
1800.0,15.28,11.796,0.29,40.4,4.431,OVERLOAD
1802.0,15.82,12.31,0.33,39.3,5.221,OVERLOAD
1804.0,15.05,11.647,0.37,40.7,5.569,OVERLOAD
1806.0,15.43,11.99,0.41,42.0,6.326,OVERLOAD
1808.0,15.13,11.795,0.43,43.0,6.506,OVERLOAD
1810.0,14.98,11.59,0.47,41.2,7.041,OVERLOAD
1812.0,16.1,12.471,0.47,42.6,7.567,OVERLOAD
1814.0,14.89,11.447,0.49,44.2,7.296,OVERLOAD
1816.0,15.33,11.863,0.54,44.5,8.278,OVERLOAD
1818.0,15.29,11.857,0.55,44.4,8.409,OVERLOAD
1820.0,15.22,11.75,0.58,44.1,8.828,OVERLOAD
1822.0,15.1,11.694,0.6,45.4,9.06,OVERLOAD
1824.0,15.65,12.124,0.66,45.8,10.329,OVERVOLTAGE
1826.0,15.52,12.01,0.68,45.8,10.554,OVERLOAD
1828.0,15.36,12.115,0.67,46.1,10.291,OVERLOAD
1830.0,15.23,11.798,0.74,46.5,11.27,OVERLOAD
1832.0,15.76,12.207,0.74,46.9,11.662,OVERLOAD
1834.0,15.3,11.913,0.81,47.4,12.393,OVERLOAD
1836.0,14.95,11.571,0.85,46.6,12.707,OVERLOAD
1838.0,15.36,11.843,0.84,47.8,12.902,OVERLOAD
1840.0,14.95,11.705,0.84,47.1,12.558,OVERLOAD
1842.0,15.54,12.012,0.84,49.1,13.054,OVERLOAD
1844.0,15.77,12.245,0.88,47.6,13.878,OVERLOAD
1846.0,15.74,12.083,0.93,47.9,14.638,OVERLOAD
1848.0,15.12,11.657,0.92,48.1,13.91,OVERLOAD
1850.0,15.69,11.985,0.97,46.6,15.219,OVERLOAD
1852.0,15.27,11.949,0.93,47.0,14.201,OVERLOAD
1854.0,15.46,11.767,0.93,46.2,14.378,OVERLOAD
1856.0,15.41,11.869,0.86,48.4,13.253,OVERLOAD
1858.0,16.43,12.596,1.03,47.4,16.923,OVERLOAD
1860.0,15.65,11.843,1.01,46.2,15.806,OVERLOAD
1862.0,15.1,11.794,0.98,48.1,14.798,NORMAL
1864.0,14.9,11.432,0.88,48.4,13.112,OVERLOAD
1866.0,14.61,11.309,0.97,48.4,14.172,OVERLOAD
1868.0,15.15,11.547,0.96,47.4,14.544,OVERLOAD
1870.0,19.104,14.525,0.99,48.1,18.913,OVERLOAD
1872.0,14.24,11.081,0.97,45.9,13.813,OVERLOAD
1874.0,15.8,12.204,0.92,47.3,14.536,OVERLOAD
1876.0,15.74,11.883,0.96,47.2,15.11,NORMAL
1878.0,15.34,11.836,1.06,48.1,16.26,OVERLOAD
1880.0,15.41,11.986,0.98,47.2,15.102,NORMAL
1882.0,15.38,12.022,0.98,47.0,15.072,OVERLOAD
1884.0,15.53,11.914,0.97,48.8,15.064,OVERLOAD
1886.0,15.03,11.674,0.96,46.4,14.429,OVERLOAD
1888.0,14.67,11.355,0.94,46.1,13.79,OVERLOAD
1890.0,15.25,11.637,0.98,47.0,14.945,OVERLOAD
1892.0,15.46,11.818,0.97,48.2,14.996,NORMAL
1894.0,15.36,11.804,1.04,48.4,15.974,OVERLOAD
1896.0,15.39,11.835,0.98,47.9,15.082,OVERLOAD
1898.0,15.24,11.648,0.97,47.1,14.783,OVERLOAD
1900.0,14.82,11.489,0.88,46.9,13.042,OVERLOAD
1902.0,14.99,11.363,0.93,48.0,13.941,OVERLOAD
1904.0,15.53,12.023,0.92,47.1,14.288,OVERLOAD
1906.0,15.01,11.397,0.88,46.9,13.209,OVERLOAD
1908.0,15.17,11.58,0.85,47.6,12.894,OVERLOAD
1910.0,15.16,11.733,0.85,47.9,12.886,OVERLOAD
1912.0,15.07,11.705,0.86,47.0,12.96,OVERLOAD
1914.0,15.71,12.036,0.83,47.8,13.039,OVERLOAD
1916.0,15.66,12.017,0.76,47.1,11.902,OVERTEMP
1918.0,15.73,12.077,0.8,47.1,12.584,OVERLOAD
1920.0,15.09,11.502,0.76,48.8,11.468,OVERLOAD
1922.0,15.85,12.143,0.8,48.9,12.68,OVERLOAD
1924.0,15.25,11.833,0.73,47.5,11.133,OVERLOAD
1926.0,15.75,12.11,0.73,47.7,11.498,OVERLOAD
1928.0,14.82,11.449,0.77,47.4,11.411,OVERLOAD
1930.0,15.14,11.672,0.73,48.0,11.052,OVERLOAD
1932.0,15.17,11.912,0.72,48.3,10.922,OVERLOAD
1934.0,15.35,11.865,0.77,46.8,11.819,OVERLOAD
1936.0,14.92,11.679,0.69,47.4,10.295,OVERLOAD
1938.0,15.63,12.02,0.74,46.7,11.566,OVERLOAD
1940.0,15.4,11.775,0.73,46.4,11.242,OVERLOAD
1942.0,15.28,11.777,0.74,46.1,11.307,OVERLOAD
1944.0,15.35,11.915,0.75,48.6,11.512,OVERLOAD
1946.0,15.02,11.729,0.67,47.7,10.063,OVERLOAD
1948.0,15.78,12.196,0.74,48.4,11.677,OVERLOAD
1950.0,15.11,11.566,0.71,49.4,10.728,OVERLOAD
1952.0,15.86,12.035,0.71,49.1,11.261,OVERLOAD
1954.0,15.5,11.978,0.69,46.8,10.695,OVERLOAD
1956.0,15.65,12.047,0.69,46.7,10.798,OVERLOAD
1958.0,15.27,11.782,0.73,48.8,11.147,OVERLOAD
1960.0,15.94,12.065,0.72,47.7,11.477,OVERLOAD
1962.0,15.21,11.801,0.7,48.8,10.647,OVERVOLTAGE
1964.0,14.89,11.697,0.71,48.6,10.572,OVERLOAD
1966.0,15.61,12.076,0.73,48.1,11.395,OVERLOAD
1968.0,15.73,12.021,0.67,47.7,10.539,OVERLOAD
1970.0,15.43,11.618,0.74,47.5,11.418,OVERLOAD
1972.0,15.16,11.762,0.73,48.5,11.067,OVERLOAD
1974.0,15.2,11.642,0.67,48.4,10.184,OVERLOAD
1976.0,16.05,12.265,0.72,47.5,11.556,SENSOR_FAULT
1978.0,15.27,11.811,0.7,49.0,10.689,OVERLOAD
1980.0,15.05,11.723,0.79,48.0,11.89,OVERLOAD
1982.0,15.09,11.442,0.77,48.3,11.619,OVERVOLTAGE
1984.0,15.99,12.163,0.82,47.7,13.112,OVERLOAD
1986.0,15.42,11.918,0.81,48.3,12.49,OVERLOAD
1988.0,15.47,11.805,0.87,48.5,13.459,OVERLOAD
1990.0,15.77,12.006,0.89,50.7,14.035,OVERLOAD
1992.0,15.38,11.802,0.79,48.5,12.15,OVERLOAD
1994.0,15.96,12.219,0.85,46.5,13.566,OVERLOAD
1996.0,14.62,11.333,0.91,46.2,13.304,OVERLOAD
1998.0,14.58,11.342,0.89,49.4,12.976,OVERLOAD
2000.0,15.0,11.653,0.91,48.0,13.65,OVERLOAD
2002.0,14.83,11.406,0.94,45.7,13.94,OVERLOAD
2004.0,15.13,11.526,0.95,48.0,14.373,OVERLOAD
2006.0,14.96,11.503,0.94,47.9,14.062,OVERLOAD
2008.0,15.13,11.68,0.96,47.6,14.525,OVERLOAD
2010.0,16.05,12.438,0.89,46.4,14.285,OVERLOAD
2012.0,15.07,11.618,0.94,47.3,14.166,OVERLOAD
2014.0,15.85,12.027,0.98,48.7,15.533,OVERLOAD
2016.0,14.9,11.638,0.86,47.3,12.814,OVERLOAD
2018.0,15.48,11.856,0.96,48.0,14.861,OVERLOAD
2020.0,15.37,11.896,1.0,46.6,15.37,OVERLOAD
2022.0,15.62,12.376,0.96,48.6,14.995,OVERLOAD
2024.0,15.26,11.804,0.99,47.4,15.107,OVERLOAD
2026.0,15.46,11.948,0.98,47.1,15.151,OVERLOAD
2028.0,15.8,12.135,1.0,48.8,15.8,OVERLOAD
2030.0,15.56,12.033,0.99,47.2,15.404,OVERLOAD
2032.0,14.96,11.604,0.96,48.2,14.362,OVERLOAD
2034.0,14.89,11.439,1.02,48.5,15.188,OVERLOAD
2036.0,14.77,11.449,0.98,47.6,14.475,OVERLOAD
2038.0,15.17,11.683,0.91,47.7,13.805,OVERLOAD
2040.0,15.52,11.737,0.96,49.5,14.899,OVERLOAD
2042.0,15.75,12.138,0.98,48.7,15.435,OVERLOAD
2044.0,15.69,12.258,0.98,47.1,15.376,OVERLOAD
2046.0,15.26,11.661,1.0,49.1,15.26,OVERLOAD
2048.0,15.5,11.961,0.97,47.9,15.035,OVERVOLTAGE
2050.0,14.78,11.544,0.96,49.2,14.189,OVERLOAD
2052.0,15.28,11.956,1.0,47.7,15.28,OVERLOAD
2054.0,15.23,11.67,1.0,49.0,15.23,OVERLOAD
2056.0,15.84,12.147,0.94,49.4,14.89,OVERLOAD
2058.0,15.22,11.632,0.93,47.6,14.155,OVERLOAD
2060.0,15.09,11.686,0.99,48.8,14.939,OVERLOAD
2062.0,15.41,12.102,0.96,47.2,14.794,OVERLOAD
2064.0,15.05,11.634,1.06,47.8,15.953,OVERLOAD
2066.0,15.67,12.025,1.04,47.9,16.297,OVERLOAD
2068.0,15.28,11.797,1.01,48.8,15.433,OVERLOAD
2070.0,15.51,11.996,1.06,48.3,16.441,OVERLOAD
2072.0,16.866,12.906,0.9,48.3,15.18,OVERLOAD
2074.0,15.12,11.815,1.01,47.9,15.271,NORMAL
2076.0,15.33,11.806,0.97,48.9,14.87,OVERLOAD
2078.0,15.48,11.948,0.98,47.4,15.17,OVERLOAD
2080.0,15.3,11.594,1.02,47.8,15.606,OVERLOAD
2082.0,15.15,11.676,1.03,47.7,15.605,OVERLOAD
2084.0,15.64,12.032,0.97,46.7,15.171,OVERLOAD
2086.0,15.13,11.748,0.96,47.8,14.525,OVERLOAD
2088.0,15.3,11.77,1.01,49.6,15.453,OVERVOLTAGE
2090.0,15.4,11.812,0.98,47.3,15.092,OVERLOAD
2092.0,15.14,11.614,1.01,50.0,15.291,NORMAL
2094.0,15.16,11.742,1.0,48.3,15.16,OVERLOAD
2096.0,15.74,12.062,0.88,45.9,13.851,OVERLOAD
2098.0,15.68,12.148,0.89,45.4,13.955,OVERLOAD
2100.0,15.38,11.752,0.88,47.5,13.534,OVERLOAD
2102.0,15.34,11.501,0.88,49.2,13.499,OVERLOAD_OVERTEMP
2104.0,15.01,11.543,0.84,48.9,12.608,OVERLOAD
2106.0,15.57,12.068,0.8,49.4,12.456,OVERLOAD
2108.0,15.94,12.042,0.83,49.9,13.23,OVERLOAD
2110.0,14.48,11.363,0.86,49.9,12.453,OVERLOAD_OVERTEMP
2112.0,14.83,11.526,0.83,51.8,12.309,OVERLOAD
2114.0,15.4,12.042,0.8,48.9,12.32,OVERLOAD
2116.0,15.09,11.524,0.81,49.0,12.223,OVERLOAD_OVERTEMP
2118.0,15.79,12.147,0.77,51.9,12.158,OVERLOAD
2120.0,14.67,11.444,0.8,50.2,11.736,OVERLOAD
2122.0,15.31,12.077,0.72,51.0,11.023,OVERLOAD
2124.0,15.41,11.913,0.76,52.0,11.712,OVERVOLTAGE
2126.0,15.26,11.904,0.72,51.3,10.987,OVERLOAD
2128.0,14.85,11.39,0.79,51.1,11.732,OVERLOAD
2130.0,15.43,11.868,0.74,52.0,11.418,OVERLOAD
2132.0,15.03,11.388,0.75,51.6,11.272,OVERLOAD
2134.0,14.64,11.284,0.76,51.3,11.126,OVERLOAD_OVERTEMP
2136.0,14.53,11.255,0.7,49.6,10.171,OVERLOAD
2138.0,14.76,11.47,0.7,51.5,10.332,OVERLOAD_OVERTEMP
2140.0,15.64,12.168,0.69,52.6,10.792,OVERLOAD_OVERTEMP
2142.0,14.65,11.372,0.73,51.2,10.694,OVERLOAD_OVERTEMP
2144.0,15.39,11.823,0.74,52.1,11.389,NORMAL
2146.0,14.37,10.982,0.71,52.8,10.203,OVERLOAD
2148.0,14.5,11.156,0.72,50.8,10.44,OVERLOAD
2150.0,14.7,11.466,0.68,50.8,9.996,BORDERLINE_OVERVOLTAGE
2152.0,14.39,11.249,0.67,51.2,9.641,OVERLOAD_OVERTEMP
2154.0,14.75,11.222,0.7,51.8,10.325,OVERLOAD
2156.0,14.96,11.686,0.72,51.4,10.771,OVERLOAD
2158.0,14.47,11.186,0.74,52.0,10.708,OVERLOAD
2160.0,14.89,11.396,0.71,53.0,10.572,OVERLOAD
2162.0,14.68,11.474,0.74,51.3,10.863,OVERLOAD_OVERTEMP
2164.0,15.54,11.842,0.7,52.5,10.878,OVERLOAD_OVERTEMP
2166.0,15.26,11.706,0.71,52.3,10.835,OVERLOAD
2168.0,14.47,11.188,0.72,50.0,10.418,OVERLOAD
2170.0,15.38,11.989,0.71,53.7,10.92,OVERLOAD_OVERTEMP
2172.0,14.86,11.317,0.71,51.9,10.551,OVERLOAD_OVERTEMP
2174.0,14.79,11.455,0.69,50.0,10.205,OVERLOAD
2176.0,15.04,11.71,0.66,52.3,9.926,OVERLOAD
2178.0,15.22,11.834,0.7,52.5,10.654,OVERLOAD
2180.0,15.26,11.923,0.68,52.2,10.377,OVERLOAD_OVERTEMP
2182.0,14.97,11.581,0.76,51.5,11.377,OVERLOAD
2184.0,14.96,11.507,0.529,50.3,7.915,OVERLOAD
2186.0,14.82,11.545,0.71,52.9,10.522,OVERLOAD_OVERTEMP
2188.0,14.4,11.087,0.76,52.2,10.944,OVERLOAD_OVERTEMP
2190.0,15.27,11.813,0.71,51.3,10.842,OVERLOAD_OVERTEMP
2192.0,15.02,11.446,0.69,51.3,10.364,OVERLOAD_OVERTEMP
2194.0,15.28,11.893,0.72,52.5,11.002,BORDERLINE_OVERTEMP
2196.0,15.35,11.685,0.69,52.8,10.591,OVERLOAD_OVERTEMP
2198.0,14.94,11.665,0.68,53.0,10.159,OVERLOAD
2200.0,15.42,11.937,0.73,51.2,11.257,OVERLOAD_OVERTEMP
2202.0,15.21,11.702,0.72,51.9,10.951,OVERLOAD_OVERTEMP
2204.0,15.45,11.909,0.72,51.4,11.124,OVERLOAD
2206.0,14.9,11.598,0.64,52.2,9.536,OVERLOAD
2208.0,15.36,11.59,0.65,51.7,9.984,OVERLOAD
2210.0,15.74,12.236,0.67,53.2,10.546,OVERLOAD_OVERTEMP
2212.0,14.96,11.472,0.67,52.3,10.023,OVERLOAD_OVERTEMP
2214.0,15.31,11.554,0.69,50.3,10.564,OVERLOAD_OVERTEMP
2216.0,15.36,11.935,0.69,51.5,10.598,OVERLOAD
2218.0,15.68,12.14,0.69,51.7,10.819,OVERLOAD_OVERTEMP
2220.0,14.82,11.549,0.71,52.5,10.522,OVERVOLTAGE
2222.0,14.62,11.341,0.68,51.2,9.942,OVERLOAD_OVERTEMP
2224.0,15.45,11.857,0.74,51.5,11.433,OVERLOAD_OVERTEMP
2226.0,15.68,12.114,0.71,53.2,11.133,OVERLOAD
2228.0,14.89,11.597,0.67,50.5,9.976,OVERLOAD_OVERTEMP
2230.0,15.7,12.234,0.75,52.8,11.775,OVERLOAD_OVERTEMP
2232.0,15.09,11.711,0.67,52.8,10.11,OVERLOAD
2234.0,15.33,11.984,0.71,52.3,10.884,OVERLOAD
2236.0,15.74,12.184,0.71,52.8,11.175,OVERLOAD
2238.0,15.13,11.813,0.72,50.7,10.894,OVERLOAD
2240.0,14.88,11.577,0.71,51.2,10.565,OVERLOAD
2242.0,15.28,11.728,0.66,52.4,10.085,OVERLOAD
2244.0,15.6,11.908,0.7,52.4,10.92,OVERLOAD
2246.0,15.09,11.858,0.69,52.8,10.412,OVERLOAD_OVERTEMP
2248.0,15.02,11.474,0.73,50.0,10.965,OVERLOAD
2250.0,14.97,11.625,0.66,50.5,9.88,OVERLOAD
2252.0,15.22,11.785,0.71,52.6,10.806,OVERLOAD
2254.0,15.52,12.093,0.7,50.9,10.864,OVERLOAD
2256.0,15.09,11.556,0.68,51.8,10.261,OVERLOAD
2258.0,15.15,11.599,0.71,52.3,10.756,OVERLOAD
2260.0,15.13,11.933,0.73,52.5,11.045,OVERLOAD
2262.0,15.7,12.186,0.73,50.7,11.461,OVERLOAD_OVERTEMP
2264.0,15.28,11.908,0.69,52.2,10.543,OVERLOAD
2266.0,15.47,11.855,0.68,52.7,10.52,OVERLOAD_OVERTEMP
2268.0,15.37,11.951,0.69,51.8,10.605,OVERLOAD_OVERTEMP
2270.0,14.94,11.487,0.75,50.3,11.205,OVERLOAD
2272.0,15.43,11.896,0.72,51.9,11.11,OVERLOAD
2274.0,15.44,12.009,0.69,53.3,10.654,OVERLOAD_OVERTEMP
2276.0,15.6,11.987,0.67,51.9,10.452,OVERLOAD_OVERTEMP
2278.0,14.95,11.639,0.71,51.5,10.614,OVERLOAD
2280.0,14.93,11.574,0.75,51.2,11.197,OVERLOAD
2282.0,15.57,11.854,0.69,52.8,10.743,OVERLOAD
2284.0,15.8,12.128,0.7,51.4,11.06,OVERLOAD_OVERTEMP
2286.0,15.58,11.982,0.68,51.3,10.594,OVERLOAD_OVERTEMP
2288.0,14.89,11.616,0.75,51.5,11.168,OVERLOAD
2290.0,15.37,11.953,0.67,52.0,10.298,OVERLOAD_OVERTEMP
2292.0,15.23,11.869,0.73,53.0,11.118,OVERTEMP
2294.0,15.14,11.72,0.67,51.4,10.144,OVERLOAD
2296.0,15.49,11.964,0.64,52.0,9.914,OVERLOAD_OVERTEMP
2298.0,15.2,11.894,0.73,52.4,11.096,OVERLOAD
2300.0,15.23,11.915,0.72,53.5,10.966,OVERLOAD
2302.0,14.92,11.598,0.69,51.7,10.295,OVERLOAD_OVERTEMP
2304.0,15.54,11.738,0.68,52.1,10.567,OVERVOLTAGE
2306.0,15.047,11.595,0.69,52.1,10.382,OVERLOAD_OVERTEMP
2308.0,15.69,12.073,0.63,52.0,9.885,OVERLOAD_OVERTEMP
2310.0,15.14,11.788,0.75,51.2,11.355,OVERLOAD
2312.0,15.42,11.808,0.73,51.4,11.257,OVERLOAD_OVERTEMP
2314.0,15.68,12.014,0.71,50.6,11.133,OVERLOAD
2316.0,15.43,11.556,0.72,51.4,11.11,OVERLOAD
2318.0,15.48,11.6,0.67,50.1,10.372,OVERLOAD
2320.0,15.58,12.175,0.7,51.8,10.906,OVERLOAD
2322.0,15.52,11.962,0.74,50.7,11.485,OVERLOAD_OVERTEMP
2324.0,14.74,11.486,0.69,51.8,10.171,OVERLOAD
2326.0,15.32,12.079,0.72,52.7,11.03,OVERLOAD_OVERTEMP
2328.0,15.19,11.639,0.68,52.2,10.329,OVERLOAD
2330.0,15.81,12.114,0.69,51.5,10.909,OVERLOAD_OVERTEMP
2332.0,15.55,12.187,0.7,51.4,10.885,OVERLOAD_OVERTEMP
2334.0,15.01,11.416,0.7,52.6,10.507,OVERLOAD
2336.0,15.47,11.816,0.67,52.8,10.365,OVERLOAD
2338.0,15.54,12.01,0.73,52.8,11.344,OVERLOAD_OVERTEMP
2340.0,15.22,11.672,0.68,53.4,10.35,OVERLOAD_OVERTEMP
2342.0,14.94,11.446,0.72,51.3,10.757,OVERLOAD
2344.0,14.8,11.485,0.69,51.9,10.212,OVERLOAD_OVERTEMP
2346.0,15.63,12.02,0.71,51.8,11.097,OVERLOAD_OVERTEMP
2348.0,15.48,11.882,0.73,52.1,11.3,OVERLOAD
2350.0,14.96,11.637,0.66,52.6,9.874,OVERLOAD_OVERTEMP
2352.0,15.5,11.894,0.7,53.3,10.85,OVERLOAD_OVERTEMP
2354.0,15.63,12.115,0.7,51.4,10.941,OVERLOAD_OVERTEMP
2356.0,15.44,11.905,0.71,52.1,10.962,OVERLOAD
2358.0,16.12,12.404,0.73,52.7,11.768,OVERLOAD
2360.0,15.65,12.021,0.71,52.0,11.111,OVERLOAD_OVERTEMP
2362.0,15.27,11.732,0.62,52.2,9.467,OVERLOAD_OVERTEMP
2364.0,15.85,12.193,0.7,50.9,11.095,OVERLOAD_OVERTEMP
2366.0,14.94,11.667,0.71,52.3,10.607,OVERLOAD
2368.0,15.03,11.701,0.7,50.7,10.521,OVERLOAD
2370.0,15.48,11.987,0.71,52.0,10.991,OVERLOAD_OVERTEMP
2372.0,15.85,12.067,0.69,52.1,10.936,OVERLOAD
2374.0,15.0,11.569,0.7,53.0,10.5,OVERLOAD
2376.0,15.22,11.789,0.69,51.5,10.502,OVERLOAD
2378.0,14.78,11.525,0.73,51.4,10.789,OVERLOAD_OVERTEMP
2380.0,14.86,11.543,0.72,52.6,10.699,OVERLOAD
2382.0,14.96,11.541,0.71,50.9,10.622,SENSOR_FAULT
2384.0,15.65,11.94,0.72,52.0,11.268,OVERLOAD_OVERTEMP
2386.0,15.52,12.06,0.7,49.8,10.864,OVERLOAD
2388.0,15.29,11.428,0.73,51.0,11.162,OVERLOAD_OVERTEMP
2390.0,15.4,11.765,0.71,50.4,10.934,OVERLOAD
2392.0,16.25,12.401,0.69,52.7,11.212,OVERLOAD
2394.0,14.58,11.256,0.7,51.8,10.206,OVERLOAD
2396.0,15.26,11.633,0.71,51.9,10.835,OVERLOAD
2398.0,15.47,12.019,0.65,50.1,10.056,OVERLOAD
2400.0,15.47,11.846,0.7,50.3,10.829,OVERLOAD
2402.0,15.21,11.823,0.66,50.6,10.039,OVERLOAD
2404.0,15.79,11.924,0.69,51.6,10.895,OVERLOAD
2406.0,15.53,11.943,0.68,50.9,10.56,OVERLOAD
2408.0,15.75,12.095,0.68,50.9,10.71,OVERLOAD
2410.0,15.25,11.773,0.7,49.4,10.675,OVERLOAD
2412.0,15.28,11.89,0.71,50.0,10.849,OVERLOAD
2414.0,15.62,11.894,0.67,50.5,10.465,OVERLOAD
2416.0,15.5,11.963,0.72,47.8,11.16,OVERLOAD
2418.0,15.14,11.621,0.68,50.6,10.295,OVERLOAD
2420.0,15.02,11.596,0.7,49.9,10.514,OVERLOAD
2422.0,15.7,12.029,0.71,47.2,11.147,OVERLOAD
2424.0,15.11,11.974,0.71,46.7,10.728,OVERLOAD
2426.0,15.48,12.218,0.7,50.0,10.836,BORDERLINE_OVERLOAD
2428.0,15.6,12.006,0.72,48.9,11.232,OVERLOAD
2430.0,15.14,11.539,0.68,48.1,10.295,OVERLOAD
2432.0,15.27,11.785,0.66,48.8,10.078,OVERLOAD
2434.0,15.35,12.007,0.69,51.3,10.591,OVERLOAD
2436.0,14.87,11.39,0.71,48.0,10.558,OVERLOAD
2438.0,14.84,11.596,0.71,47.9,10.536,OVERLOAD
2440.0,15.64,12.108,0.74,47.7,11.574,OVERLOAD
2442.0,15.52,12.159,0.69,47.7,10.709,OVERLOAD
2444.0,15.38,11.722,0.72,47.6,11.074,OVERLOAD
2446.0,15.1,11.668,0.7,47.4,10.57,OVERLOAD
2448.0,14.72,11.469,0.67,48.9,9.862,OVERLOAD
2450.0,15.17,11.675,0.67,47.4,10.164,OVERLOAD
2452.0,15.52,11.828,0.72,47.8,11.174,OVERLOAD
2454.0,15.39,12.031,0.68,47.8,10.465,OVERLOAD
2456.0,15.58,12.034,0.7,47.1,10.906,OVERLOAD
2458.0,15.67,12.228,0.69,49.3,10.812,OVERLOAD
2460.0,15.87,12.386,0.71,48.7,11.268,OVERLOAD
2462.0,15.45,11.945,0.69,47.7,10.66,OVERLOAD
2464.0,14.86,11.247,0.7,49.1,10.402,OVERLOAD
2466.0,15.83,12.252,0.73,47.7,11.556,OVERLOAD
2468.0,15.3,11.645,0.73,49.0,11.169,OVERLOAD
2470.0,15.5,11.865,0.69,48.2,10.695,OVERLOAD
2472.0,15.9,12.072,0.73,47.4,11.607,OVERLOAD
2474.0,15.17,11.865,0.71,48.3,10.771,OVERLOAD
2476.0,15.57,11.835,0.73,48.3,11.366,OVERLOAD
2478.0,15.23,11.82,0.73,48.0,11.118,OVERLOAD
2480.0,15.19,11.769,0.67,47.9,10.177,OVERLOAD
2482.0,15.07,11.778,0.69,47.2,10.398,OVERLOAD
2484.0,15.2,11.73,0.74,49.4,11.248,OVERLOAD
2486.0,14.95,11.404,0.65,46.8,9.717,OVERLOAD
2488.0,15.77,11.873,0.7,48.4,11.039,OVERLOAD
2490.0,14.89,11.504,0.72,48.3,10.721,OVERLOAD
2492.0,15.49,11.953,0.467,47.8,7.238,OVERLOAD
2494.0,15.37,11.941,0.76,46.2,11.681,OVERLOAD
2496.0,15.26,11.776,0.71,47.5,10.835,OVERLOAD
2498.0,15.54,11.879,0.78,48.7,12.121,OVERLOAD
2500.0,15.15,11.666,0.69,46.5,10.454,OVERLOAD
2502.0,15.55,12.046,0.67,48.9,10.419,OVERLOAD
2504.0,15.05,11.719,0.7,49.4,10.535,OVERLOAD
2506.0,15.3,11.75,0.69,48.1,10.557,OVERLOAD
2508.0,14.58,11.346,0.75,48.1,10.935,OVERLOAD
2510.0,15.28,11.608,0.68,47.9,10.39,OVERLOAD
2512.0,16.08,12.308,0.67,47.1,10.774,OVERLOAD
2514.0,15.74,12.274,0.7,46.9,11.018,OVERLOAD
2516.0,15.55,12.274,0.71,48.6,11.04,OVERLOAD
2518.0,16.05,12.388,0.68,49.4,10.914,OVERLOAD
2520.0,15.47,11.834,0.66,47.9,10.21,OVERLOAD
2522.0,15.59,12.013,0.73,46.2,11.381,OVERLOAD
2524.0,15.69,12.129,0.7,48.6,10.983,OVERLOAD
2526.0,15.42,11.762,0.69,47.0,10.64,OVERLOAD
2528.0,15.54,11.929,0.7,47.9,10.878,OVERLOAD
2530.0,15.19,11.575,0.73,47.7,11.089,OVERLOAD
2532.0,15.56,12.187,0.69,48.0,10.736,OVERLOAD
2534.0,15.29,11.777,0.71,47.0,10.856,OVERLOAD
2536.0,15.51,11.971,0.66,48.2,10.237,OVERLOAD
2538.0,17.743,13.738,0.73,48.3,12.952,OVERLOAD
2540.0,14.96,11.446,0.7,48.1,10.472,OVERLOAD
2542.0,15.63,12.105,0.76,48.0,11.879,OVERLOAD
2544.0,15.33,11.748,0.68,46.4,10.424,OVERLOAD
2546.0,14.82,11.431,0.74,47.9,10.967,OVERLOAD
2548.0,15.61,12.038,0.67,47.3,10.459,OVERLOAD
2550.0,15.65,12.067,0.71,48.2,11.111,OVERLOAD
2552.0,15.44,11.915,0.71,47.1,10.962,OVERLOAD
2554.0,14.93,11.842,0.7,47.6,10.451,OVERLOAD
2556.0,15.29,11.865,0.66,47.9,10.091,OVERLOAD
2558.0,15.88,12.32,0.68,46.6,10.798,OVERLOAD
2560.0,14.82,11.463,0.69,47.8,10.226,OVERLOAD
2562.0,15.54,11.978,0.68,47.8,10.567,OVERLOAD
2564.0,15.35,11.946,0.7,48.4,10.745,OVERLOAD
2566.0,15.44,11.915,0.71,46.6,10.962,OVERLOAD
2568.0,15.47,11.852,0.72,47.4,11.138,OVERLOAD
2570.0,15.1,11.621,0.71,48.9,10.721,OVERLOAD
2572.0,15.61,12.004,0.7,47.9,10.927,OVERLOAD
2574.0,15.56,11.892,0.71,50.0,11.048,OVERLOAD
2576.0,15.48,11.936,0.69,47.2,10.681,OVERLOAD
2578.0,15.35,11.712,0.78,47.8,11.973,OVERLOAD
2580.0,15.39,11.876,0.65,47.9,10.004,OVERLOAD
2582.0,15.57,11.983,0.73,47.6,11.366,OVERLOAD
2584.0,15.04,11.479,0.67,48.3,10.077,OVERLOAD
2586.0,15.16,11.922,0.67,48.5,10.157,OVERLOAD
2588.0,14.85,11.494,0.65,47.9,9.652,OVERLOAD
2590.0,15.38,11.911,0.69,47.8,10.612,OVERLOAD
2592.0,15.66,12.091,0.65,47.7,10.179,OVERLOAD
2594.0,14.98,11.579,0.75,47.5,11.235,OVERLOAD
2596.0,15.49,11.894,0.68,46.4,10.533,OVERLOAD
2598.0,15.65,12.17,0.69,47.3,10.798,OVERLOAD
2600.0,15.19,11.823,0.69,48.1,10.481,OVERLOAD
2602.0,16.12,12.328,0.72,49.0,11.606,OVERLOAD
2604.0,14.95,11.438,0.7,48.1,10.465,OVERLOAD
2606.0,15.24,11.827,0.71,48.3,10.82,OVERLOAD
2608.0,15.4,11.739,0.69,47.6,10.626,OVERLOAD
2610.0,15.91,12.128,0.7,47.8,11.137,OVERLOAD
2612.0,16.31,12.577,0.67,47.6,10.928,OVERLOAD
2614.0,15.51,12.02,0.73,49.6,11.322,OVERLOAD
2616.0,14.94,11.795,0.69,48.3,10.309,OVERLOAD
2618.0,14.82,11.567,0.73,48.2,10.819,OVERLOAD
2620.0,15.26,11.859,0.68,48.6,10.377,OVERLOAD
2622.0,15.63,11.856,0.7,47.5,10.941,OVERLOAD
2624.0,15.58,11.944,0.71,47.2,11.062,OVERLOAD
2626.0,15.14,11.565,0.66,47.3,9.992,OVERLOAD
2628.0,15.16,11.948,0.68,46.6,10.309,OVERLOAD
2630.0,15.73,12.165,0.68,48.2,10.696,OVERLOAD
2632.0,15.71,12.034,0.68,48.9,10.683,OVERLOAD
2634.0,14.84,11.782,0.72,49.1,10.685,OVERLOAD
2636.0,14.89,11.611,0.72,47.6,10.721,OVERLOAD
2638.0,14.79,11.459,0.67,47.3,9.909,OVERLOAD
2640.0,15.08,11.725,0.72,48.9,10.858,OVERLOAD
2642.0,15.86,12.373,0.71,46.9,11.261,OVERLOAD
2644.0,15.09,11.715,0.72,49.4,10.865,OVERLOAD
2646.0,14.78,11.423,0.68,49.1,10.05,OVERLOAD
2648.0,15.33,11.865,0.72,48.6,11.038,OVERLOAD
2650.0,15.23,11.826,0.69,48.7,10.509,OVERLOAD
2652.0,15.21,11.647,0.73,47.9,11.103,OVERLOAD
2654.0,15.04,11.77,0.67,47.8,10.077,OVERLOAD
2656.0,15.02,11.582,0.7,47.4,10.514,OVERLOAD
2658.0,14.78,11.505,0.69,47.8,10.198,OVERLOAD
2660.0,15.38,11.892,0.67,48.9,10.305,OVERLOAD
2662.0,15.37,11.886,0.7,47.6,10.759,OVERLOAD
2664.0,15.46,11.893,0.65,47.5,10.049,OVERLOAD
2666.0,15.39,11.815,0.73,47.3,11.235,OVERLOAD
2668.0,15.12,11.773,0.68,47.7,10.282,OVERLOAD
2670.0,14.94,11.491,0.71,46.5,10.607,OVERLOAD
2672.0,15.19,11.474,0.74,47.8,11.241,OVERLOAD
2674.0,14.61,11.365,0.7,48.5,10.227,OVERLOAD
2676.0,15.36,11.959,0.73,47.5,11.213,OVERLOAD
2678.0,14.74,11.383,0.68,46.4,10.023,OVERLOAD
2680.0,15.28,11.687,0.7,48.1,10.696,OVERLOAD
2682.0,15.23,11.725,0.66,49.2,10.052,OVERLOAD
2684.0,15.13,11.559,0.74,46.9,11.196,OVERLOAD
2686.0,14.92,11.627,0.7,48.4,10.444,OVERLOAD
2688.0,16.19,12.371,0.64,48.5,10.362,OVERLOAD
2690.0,15.1,11.866,0.68,47.2,10.268,OVERLOAD
2692.0,15.59,11.834,0.7,49.2,10.913,OVERLOAD
2694.0,14.84,11.504,0.64,47.4,9.498,OVERLOAD
2696.0,15.34,11.934,0.7,46.8,10.738,OVERLOAD
2698.0,15.38,11.904,0.72,46.4,11.074,OVERLOAD
2700.0,14.89,11.531,0.69,48.5,10.274,OVERLOAD
2702.0,15.01,11.739,0.7,46.7,10.507,OVERLOAD
2704.0,15.23,11.699,0.73,47.5,11.118,OVERLOAD
2706.0,18.491,14.158,0.72,47.4,13.314,OVERLOAD
2708.0,15.17,11.58,0.444,47.5,6.73,OVERLOAD
2710.0,15.31,11.807,0.67,48.8,10.258,OVERLOAD
2712.0,15.24,11.766,0.72,48.8,10.973,OVERLOAD
2714.0,15.03,11.548,0.65,47.4,9.77,OVERLOAD
2716.0,15.34,11.766,0.69,48.6,10.585,OVERLOAD
2718.0,15.28,11.789,0.73,48.3,11.154,OVERLOAD
2720.0,15.09,11.599,0.68,47.3,10.261,BORDERLINE_OVERTEMP
2722.0,15.56,12.206,0.69,46.8,10.736,OVERLOAD
2724.0,15.41,11.901,0.66,47.6,10.171,OVERLOAD
2726.0,15.89,12.399,0.67,48.8,10.646,OVERLOAD
2728.0,15.08,11.631,0.69,47.1,10.405,OVERLOAD
2730.0,15.29,11.715,0.72,48.9,11.009,OVERLOAD
2732.0,14.62,11.358,0.7,48.3,10.234,OVERLOAD
2734.0,15.19,11.777,0.7,49.3,10.633,OVERLOAD
2736.0,15.17,11.91,0.69,47.9,10.467,OVERLOAD
2738.0,15.24,11.897,0.7,47.6,10.668,OVERLOAD
2740.0,15.97,12.289,0.71,48.1,11.339,OVERLOAD
2742.0,14.48,11.279,0.72,48.1,10.426,OVERLOAD
2744.0,15.06,11.76,0.69,47.6,10.391,OVERLOAD
2746.0,15.17,11.569,0.75,48.4,11.377,OVERLOAD
2748.0,15.26,11.971,0.68,46.1,10.377,OVERLOAD
2750.0,15.54,11.815,0.71,48.1,11.033,OVERLOAD
2752.0,15.13,11.394,0.72,47.1,10.894,OVERLOAD
2754.0,15.22,11.84,0.7,48.1,10.654,OVERLOAD
2756.0,15.52,11.784,0.71,49.0,11.019,OVERLOAD
2758.0,15.47,11.751,0.72,46.9,11.138,OVERLOAD
2760.0,15.04,11.555,0.68,48.7,10.227,OVERLOAD
2762.0,15.01,11.607,0.68,49.0,10.207,OVERLOAD
2764.0,15.24,11.68,0.7,49.1,10.668,OVERLOAD
2766.0,15.75,12.432,0.71,47.9,11.182,OVERLOAD
2768.0,14.94,11.666,0.69,46.9,10.309,OVERLOAD
2770.0,15.88,12.197,0.74,49.1,11.751,OVERLOAD
2772.0,15.17,11.773,0.66,49.8,10.012,OVERLOAD
2774.0,15.13,11.738,0.73,47.2,11.045,OVERLOAD
2776.0,15.24,11.597,0.72,47.9,10.973,OVERLOAD
2778.0,15.33,11.923,0.73,48.0,11.191,OVERLOAD
2780.0,14.94,11.642,0.7,47.5,10.458,OVERLOAD
2782.0,15.31,11.899,0.72,48.9,11.023,OVERLOAD
2784.0,15.39,11.811,0.67,48.0,10.311,OVERLOAD
2786.0,15.18,11.496,0.69,47.2,10.474,OVERLOAD
2788.0,15.07,11.65,0.71,46.8,10.7,OVERLOAD
2790.0,15.95,12.318,0.73,49.4,11.643,OVERLOAD
2792.0,15.7,11.762,0.68,47.4,10.676,OVERLOAD
2794.0,15.71,12.07,0.74,47.5,11.625,OVERLOAD
2796.0,15.04,11.424,0.71,49.0,10.678,OVERLOAD
2798.0,15.44,11.964,0.69,48.1,10.654,OVERLOAD
2800.0,15.24,11.882,0.7,47.8,10.668,OVERLOAD
2802.0,15.44,11.864,0.71,46.9,10.962,OVERLOAD
2804.0,15.61,12.242,0.7,48.6,10.927,OVERLOAD
2806.0,15.66,11.757,0.7,47.6,10.962,OVERLOAD
2808.0,15.24,11.75,0.69,48.3,10.516,OVERLOAD
2810.0,15.19,11.789,0.65,47.2,9.873,OVERLOAD
2812.0,15.89,12.344,0.7,48.3,11.123,OVERLOAD
2814.0,15.02,11.713,0.71,47.4,10.664,OVERLOAD
2816.0,15.35,11.93,0.71,47.3,10.898,OVERLOAD
2818.0,16.02,12.348,0.67,47.7,10.733,OVERLOAD
2820.0,15.043,11.787,0.69,45.6,10.38,OVERLOAD
2822.0,15.56,12.182,0.65,47.5,10.114,OVERVOLTAGE
2824.0,15.8,12.174,0.72,47.8,11.376,OVERLOAD
2826.0,15.25,11.68,0.73,47.2,11.133,BORDERLINE_OVERTEMP
2828.0,15.65,11.977,0.7,49.2,10.955,OVERLOAD
2830.0,15.28,11.622,0.68,48.0,10.39,OVERLOAD
2832.0,15.13,11.774,0.66,48.6,9.986,OVERLOAD
2834.0,14.7,11.391,0.74,50.2,10.878,OVERLOAD
2836.0,15.08,11.657,0.77,46.9,11.612,OVERLOAD
2838.0,15.36,11.794,0.74,48.3,11.366,OVERLOAD
2840.0,14.97,11.583,0.69,47.1,10.329,OVERLOAD
2842.0,15.11,11.618,0.66,49.1,9.973,OVERLOAD
2844.0,14.86,11.298,0.7,48.1,10.402,OVERLOAD
2846.0,15.41,11.951,0.67,49.5,10.325,OVERLOAD
2848.0,15.16,11.783,0.68,47.9,10.309,OVERLOAD
2850.0,15.29,11.732,0.69,48.1,10.55,OVERLOAD
2852.0,15.18,11.761,0.65,48.8,9.867,OVERLOAD
2854.0,15.03,11.499,0.75,48.1,11.272,OVERLOAD
2856.0,15.59,11.964,0.71,48.3,11.069,OVERLOAD
2858.0,15.46,11.696,0.69,48.5,10.667,OVERLOAD
2860.0,15.15,11.634,0.75,47.3,11.363,OVERLOAD
2862.0,15.15,11.677,0.67,46.1,10.151,OVERLOAD
2864.0,15.35,11.851,0.7,47.9,10.745,OVERLOAD
2866.0,15.65,12.024,0.7,47.5,10.955,OVERLOAD
2868.0,15.5,11.964,0.74,47.5,11.47,OVERLOAD
2870.0,15.42,11.721,0.67,48.0,10.331,OVERLOAD
2872.0,14.69,11.402,0.71,47.7,10.43,OVERLOAD
2874.0,15.29,11.658,0.67,48.0,10.244,OVERLOAD
2876.0,15.78,12.023,0.66,47.8,10.415,OVERLOAD
2878.0,15.5,12.054,0.69,47.6,10.695,OVERLOAD
2880.0,15.31,11.652,0.71,47.2,10.87,OVERLOAD
2882.0,15.34,11.829,0.69,48.5,10.585,OVERLOAD
2884.0,15.37,11.84,0.66,49.6,10.144,OVERLOAD
2886.0,15.54,11.824,0.68,48.3,10.567,OVERLOAD
2888.0,15.46,12.007,0.69,48.0,10.667,OVERLOAD
2890.0,14.88,11.755,0.68,48.4,10.118,OVERLOAD
2892.0,15.25,12.004,0.72,47.9,10.98,OVERLOAD
2894.0,14.7,11.101,0.7,46.6,10.29,OVERLOAD
2896.0,15.4,11.869,0.7,47.8,10.78,OVERLOAD
2898.0,16.37,12.486,0.69,48.4,11.295,BORDERLINE_OVERTEMP
2900.0,15.4,12.097,0.69,47.6,10.626,OVERLOAD
2902.0,15.71,12.057,0.7,46.0,10.997,OVERLOAD
2904.0,16.23,12.648,0.69,49.0,11.199,OVERLOAD
2906.0,15.38,11.948,0.68,45.9,10.458,OVERLOAD
2908.0,15.02,11.582,0.7,46.9,10.514,OVERLOAD
2910.0,15.31,11.959,0.71,47.0,10.87,OVERLOAD
2912.0,15.09,11.666,0.66,47.9,9.959,OVERLOAD
2914.0,15.36,11.839,0.74,47.8,11.366,OVERLOAD
2916.0,14.92,11.493,0.72,48.2,10.742,OVERLOAD
2918.0,14.64,11.277,0.74,46.9,10.834,OVERLOAD
2920.0,15.42,11.643,0.67,46.7,10.331,OVERLOAD
2922.0,15.55,11.868,0.69,50.5,10.729,OVERTEMP
2924.0,14.98,11.53,0.69,48.2,10.336,OVERLOAD
2926.0,15.51,11.744,0.67,46.8,10.392,OVERLOAD
2928.0,14.53,11.195,0.69,47.7,10.026,OVERLOAD
2930.0,15.73,11.897,0.73,47.7,11.483,OVERLOAD
2932.0,15.1,11.588,0.68,47.4,10.268,OVERLOAD
2934.0,15.08,11.679,0.69,47.5,10.405,OVERLOAD
2936.0,15.42,11.779,0.68,49.1,10.486,OVERLOAD
2938.0,14.74,11.451,0.71,47.3,10.465,OVERLOAD
2940.0,14.47,11.055,0.74,48.6,10.708,OVERLOAD
2942.0,14.79,11.354,0.74,47.4,10.945,OVERLOAD
2944.0,14.52,11.339,0.69,47.8,10.019,OVERLOAD
2946.0,14.82,11.586,0.66,48.4,9.781,OVERLOAD
2948.0,14.76,11.553,0.73,48.0,10.775,OVERLOAD
2950.0,15.28,11.921,0.63,47.9,9.626,OVERLOAD
2952.0,14.99,11.255,0.69,47.8,10.343,OVERLOAD
2954.0,15.88,12.21,0.68,48.4,10.798,OVERLOAD
2956.0,15.73,12.006,0.71,47.8,11.168,OVERLOAD
2958.0,15.57,11.87,0.65,48.6,10.12,OVERLOAD
2960.0,15.73,12.125,0.7,48.6,11.011,OVERLOAD
2962.0,14.7,11.405,0.68,48.6,9.996,OVERLOAD
2964.0,15.71,12.004,0.71,47.2,11.154,OVERLOAD
2966.0,15.34,11.891,0.64,49.4,9.818,OVERLOAD
2968.0,15.72,12.378,0.66,49.1,10.375,OVERLOAD
2970.0,14.85,11.315,0.72,48.0,10.692,OVERLOAD
2972.0,15.47,12.07,0.72,47.5,11.138,OVERLOAD
2974.0,14.73,11.41,0.66,48.1,9.722,OVERLOAD
2976.0,15.05,11.733,0.72,48.5,10.836,OVERLOAD
2978.0,15.26,12.024,0.72,47.6,10.987,OVERLOAD
2980.0,15.02,11.453,0.76,48.0,11.415,OVERLOAD
2982.0,15.77,12.291,0.7,48.7,11.039,OVERLOAD
2984.0,15.42,11.895,0.68,48.8,10.486,OVERLOAD
2986.0,15.54,11.904,0.64,48.4,9.946,OVERLOAD
2988.0,15.87,12.273,0.72,48.2,11.426,OVERLOAD
2990.0,14.96,11.615,0.74,49.7,11.07,OVERLOAD
2992.0,15.85,12.204,0.69,47.3,10.936,OVERLOAD
2994.0,15.45,11.953,0.69,48.5,10.66,OVERLOAD
2996.0,14.96,11.59,0.71,48.7,10.622,OVERLOAD
2998.0,15.7,11.952,0.67,48.4,10.519,OVERLOAD
3000.0,15.07,11.584,0.64,46.5,9.645,NORMAL
3002.0,15.31,11.63,0.63,45.9,9.645,NORMAL
3004.0,15.64,12.105,0.57,45.3,8.915,NORMAL
3006.0,19.442,14.613,0.56,44.8,10.887,NORMAL
3008.0,15.93,12.374,0.52,43.8,8.284,NORMAL
3010.0,15.5,11.919,0.49,44.6,7.595,NORMAL
3012.0,15.38,11.688,0.47,43.3,7.229,NORMAL
3014.0,15.01,11.556,0.44,41.5,6.604,NORMAL
3016.0,15.6,12.031,0.41,41.2,6.396,NORMAL
3018.0,15.7,12.192,0.39,41.9,6.123,NORMAL
3020.0,15.73,12.071,0.4,42.2,6.292,OVERVOLTAGE
3022.0,15.54,12.164,0.37,40.8,5.75,NORMAL
3024.0,15.21,11.867,0.36,41.2,5.476,NORMAL
3026.0,15.45,12.095,0.36,40.5,5.562,NORMAL
3028.0,15.56,12.066,0.35,41.3,5.446,NORMAL
3030.0,15.56,12.281,0.34,39.7,5.29,NORMAL
3032.0,15.59,12.147,0.32,39.3,4.989,NORMAL
3034.0,15.76,11.953,0.31,39.8,4.886,NORMAL
3036.0,15.6,11.93,0.31,40.2,4.836,NORMAL
3038.0,15.27,11.947,0.3,38.6,4.581,NORMAL
3040.0,15.93,12.272,0.3,39.7,4.779,NORMAL
3042.0,15.55,11.802,0.29,38.8,4.51,NORMAL
3044.0,15.64,12.062,0.29,39.2,4.536,NORMAL
3046.0,15.54,12.069,0.28,38.8,4.351,NORMAL
3048.0,15.31,11.733,0.28,38.8,4.287,NORMAL
3050.0,15.44,11.951,0.28,38.1,4.323,NORMAL
3052.0,15.37,11.758,0.28,39.7,4.304,NORMAL
3054.0,15.71,11.947,0.27,39.0,4.242,NORMAL
3056.0,15.7,11.969,0.27,38.4,4.239,NORMAL
3058.0,15.78,12.108,0.26,38.7,4.103,NORMAL
3060.0,15.56,12.02,0.27,38.0,4.201,NORMAL
3062.0,15.95,12.454,0.26,38.9,4.147,NORMAL
3064.0,15.4,11.816,0.25,38.4,3.85,NORMAL
3066.0,16.03,12.185,0.26,37.9,4.168,NORMAL
3068.0,15.85,12.316,0.26,38.3,4.121,NORMAL
3070.0,15.48,12.019,0.26,38.2,4.025,NORMAL
3072.0,15.73,12.07,0.26,38.2,4.09,NORMAL
3074.0,15.25,11.671,0.26,39.0,3.965,NORMAL
3076.0,15.41,11.942,0.25,38.5,3.853,NORMAL
3078.0,15.56,11.807,0.25,38.2,3.89,NORMAL
3080.0,15.63,11.859,0.26,37.6,4.064,NORMAL
3082.0,15.97,12.265,0.25,38.6,3.993,NORMAL
3084.0,15.56,12.01,0.26,37.7,4.046,NORMAL
3086.0,15.51,11.927,0.25,38.3,3.877,NORMAL
3088.0,15.56,12.099,0.25,38.8,3.89,NORMAL
3090.0,15.82,12.416,0.25,37.3,3.955,NORMAL
3092.0,15.58,12.149,0.25,38.3,3.895,NORMAL
3094.0,15.59,11.886,0.26,38.6,4.053,NORMAL
3096.0,15.44,11.892,0.26,36.8,4.014,NORMAL
3098.0,15.26,11.74,0.25,37.9,3.815,NORMAL
3100.0,15.47,12.153,0.25,39.1,3.868,NORMAL
3102.0,15.33,11.847,0.26,37.9,3.986,NORMAL
3104.0,15.58,12.024,0.25,38.5,3.895,NORMAL
3106.0,15.49,11.749,0.24,37.6,3.718,NORMAL
3108.0,15.6,12.187,0.24,37.9,3.744,NORMAL
3110.0,15.88,12.45,0.25,38.0,3.97,NORMAL
3112.0,15.72,12.155,0.25,37.4,3.93,NORMAL
3114.0,15.79,12.113,0.25,38.2,3.947,NORMAL
3116.0,15.56,12.111,0.24,37.9,3.734,NORMAL
3118.0,15.45,11.96,0.25,37.7,3.862,NORMAL
3120.0,15.55,12.099,0.24,38.6,3.732,NORMAL
3122.0,15.46,12.0,0.25,38.3,3.865,NORMAL
3124.0,15.2,11.698,0.26,37.8,3.952,NORMAL
3126.0,16.22,12.186,0.25,37.8,4.055,NORMAL
3128.0,15.92,12.208,0.24,37.6,3.821,NORMAL
3130.0,15.93,12.294,0.26,37.9,4.142,NORMAL
3132.0,15.46,12.039,0.25,38.0,3.865,NORMAL
3134.0,15.83,12.276,0.25,37.8,3.958,NORMAL
3136.0,15.58,12.019,0.24,37.8,3.739,NORMAL
3138.0,15.81,12.178,0.25,37.5,3.953,NORMAL
3140.0,15.63,12.167,0.25,38.4,3.908,NORMAL
3142.0,15.46,12.007,0.25,37.5,3.865,NORMAL
3144.0,15.94,12.443,0.25,37.9,3.985,NORMAL
3146.0,15.72,12.19,0.25,37.5,3.93,NORMAL
3148.0,15.38,11.798,0.24,37.8,3.691,NORMAL
3150.0,15.55,12.122,0.24,38.4,3.732,NORMAL
3152.0,15.14,11.798,0.26,37.6,3.936,NORMAL
3154.0,15.58,12.154,0.25,37.9,3.895,NORMAL
3156.0,15.31,11.902,0.25,38.5,3.828,NORMAL
3158.0,16.14,12.391,0.25,38.4,4.035,NORMAL
3160.0,15.89,12.387,0.25,37.8,3.973,NORMAL
3162.0,15.48,12.012,0.24,37.8,3.715,NORMAL
3164.0,15.93,12.09,0.25,38.6,3.982,NORMAL
3166.0,15.5,11.962,0.25,37.9,3.875,NORMAL
3168.0,15.76,12.13,0.25,38.1,3.94,NORMAL
3170.0,15.38,11.847,0.25,37.9,3.845,NORMAL
3172.0,15.61,12.183,0.25,37.8,3.902,NORMAL
3174.0,15.33,11.709,0.25,39.3,3.833,NORMAL
3176.0,15.28,11.769,0.25,37.1,3.82,NORMAL
3178.0,16.1,12.191,0.24,37.1,3.864,NORMAL
3180.0,15.81,12.254,0.26,37.8,4.111,NORMAL
3182.0,15.93,11.974,0.26,37.9,4.142,NORMAL
3184.0,15.41,11.866,0.25,37.9,3.853,NORMAL
3186.0,15.86,12.341,0.26,37.9,4.124,NORMAL
3188.0,15.68,12.088,0.25,38.4,3.92,NORMAL
3190.0,16.08,12.346,0.24,37.8,3.859,NORMAL
3192.0,15.7,11.921,0.26,38.0,4.082,NORMAL
3194.0,15.8,12.164,0.25,37.1,3.95,BORDERLINE_OVERTEMP
3196.0,15.23,11.856,0.25,37.6,3.808,NORMAL
3198.0,15.63,11.871,0.24,38.4,3.751,NORMAL
3200.0,15.68,12.14,0.24,37.8,3.763,NORMAL
3202.0,15.72,12.145,0.26,38.0,4.087,NORMAL
3204.0,15.5,11.94,0.25,38.2,3.875,NORMAL
3206.0,15.18,11.646,0.25,38.2,3.795,NORMAL
3208.0,15.3,11.783,0.26,38.2,3.978,NORMAL
3210.0,15.33,11.848,0.24,38.6,3.679,NORMAL
3212.0,15.47,12.11,0.25,37.6,3.868,NORMAL
3214.0,15.92,11.928,0.25,37.7,3.98,NORMAL
3216.0,15.25,11.737,0.24,38.1,3.66,NORMAL
3218.0,15.29,11.866,0.25,38.2,3.822,NORMAL
3220.0,15.16,11.817,0.25,37.4,3.79,NORMAL
3222.0,15.78,12.094,0.24,37.7,3.787,NORMAL
3224.0,15.07,11.761,0.25,37.9,3.768,NORMAL
3226.0,15.34,11.72,0.25,37.3,3.835,NORMAL
3228.0,15.32,11.839,0.26,37.7,3.983,NORMAL
3230.0,15.51,12.031,0.24,37.9,3.722,NORMAL
3232.0,15.32,11.768,0.26,37.6,3.983,NORMAL
3234.0,15.72,12.069,0.25,38.0,3.93,NORMAL
3236.0,15.63,12.118,0.24,37.2,3.751,NORMAL
3238.0,15.84,12.228,0.24,37.9,3.802,NORMAL
3240.0,15.76,12.095,0.24,37.6,3.782,NORMAL
3242.0,15.76,11.965,0.27,37.9,4.255,NORMAL
3244.0,15.69,11.977,0.26,38.0,4.079,NORMAL
3246.0,15.82,12.225,0.25,37.5,3.955,NORMAL
3248.0,15.83,12.142,0.26,38.0,4.116,NORMAL
3250.0,15.89,12.06,0.24,38.2,3.814,BORDERLINE_OVERTEMP
3252.0,15.85,12.259,0.25,38.6,3.962,NORMAL
3254.0,15.31,11.922,0.26,38.7,3.981,NORMAL
3256.0,15.42,11.812,0.25,38.1,3.855,NORMAL
3258.0,16.0,12.347,0.25,36.8,4.0,NORMAL
3260.0,15.52,12.063,0.25,37.8,3.88,NORMAL
3262.0,15.86,12.201,0.25,37.8,3.965,NORMAL
3264.0,15.6,12.078,0.24,38.3,3.744,NORMAL
3266.0,15.96,12.378,0.26,37.7,4.15,NORMAL
3268.0,15.38,11.746,0.25,37.8,3.845,NORMAL
3270.0,15.67,12.051,0.23,37.2,3.604,NORMAL
3272.0,15.62,11.938,0.25,37.3,3.905,NORMAL
3274.0,15.69,12.226,0.25,38.0,3.922,NORMAL
3276.0,15.69,11.917,0.25,37.9,3.922,NORMAL
3278.0,15.57,12.17,0.26,38.3,4.048,NORMAL
3280.0,15.53,12.149,0.26,37.9,4.038,NORMAL
3282.0,15.59,11.992,0.25,38.7,3.897,BORDERLINE_OVERLOAD
3284.0,15.65,11.899,0.26,37.9,4.069,NORMAL
3286.0,16.1,12.519,0.25,38.1,4.025,NORMAL
3288.0,15.46,11.71,0.24,38.1,3.71,NORMAL
3290.0,15.53,11.788,0.25,37.9,3.882,NORMAL
3292.0,15.97,12.252,0.25,38.7,3.993,NORMAL
3294.0,15.39,11.734,0.25,37.9,3.848,NORMAL
3296.0,15.94,12.426,0.25,37.2,3.985,NORMAL
3298.0,15.48,12.146,0.25,37.2,3.87,NORMAL
3300.0,15.3,11.86,0.25,38.4,3.825,NORMAL
3302.0,15.59,12.038,0.24,37.6,3.742,NORMAL
3304.0,15.42,12.01,0.25,38.3,3.855,NORMAL
3306.0,15.31,11.817,0.26,38.3,3.981,NORMAL
3308.0,15.85,12.172,0.26,37.3,4.121,NORMAL
3310.0,15.04,11.622,0.25,38.2,3.76,NORMAL
3312.0,15.45,12.09,0.24,38.2,3.708,NORMAL
3314.0,15.46,11.978,0.25,37.3,3.865,NORMAL
3316.0,15.51,11.912,0.25,37.7,3.877,NORMAL
3318.0,15.69,12.081,0.24,37.8,3.766,NORMAL
3320.0,15.34,11.76,0.26,37.6,3.988,NORMAL
3322.0,15.37,11.749,0.26,38.3,3.996,NORMAL
3324.0,15.86,12.164,0.25,38.1,3.965,NORMAL
3326.0,15.42,12.111,0.25,37.8,3.855,NORMAL
3328.0,15.3,11.846,0.26,37.9,3.978,NORMAL
3330.0,15.79,11.828,0.25,38.4,3.947,NORMAL
3332.0,15.43,11.877,0.24,37.4,3.703,NORMAL
3334.0,15.69,12.006,0.25,38.1,3.922,NORMAL
3336.0,15.69,12.18,0.25,38.4,3.922,NORMAL
3338.0,15.61,11.964,0.24,37.7,3.746,NORMAL
3340.0,15.53,11.967,0.25,38.3,3.882,NORMAL
3342.0,15.6,11.911,0.25,37.8,3.9,NORMAL
3344.0,15.19,11.65,0.25,38.2,3.797,NORMAL
3346.0,15.54,11.851,0.25,38.2,3.885,NORMAL
3348.0,15.83,12.085,0.26,37.5,4.116,NORMAL
3350.0,15.88,12.05,0.25,37.0,3.97,NORMAL
3352.0,15.54,11.984,0.24,37.8,3.73,NORMAL
3354.0,15.94,12.438,0.25,38.5,3.985,NORMAL
3356.0,15.94,12.32,0.25,37.1,3.985,NORMAL
3358.0,15.85,12.304,0.25,38.8,3.962,NORMAL
3360.0,15.73,11.813,0.26,38.2,4.09,NORMAL
3362.0,15.48,11.911,0.26,37.6,4.025,NORMAL
3364.0,15.36,11.748,0.26,38.8,3.994,NORMAL
3366.0,15.63,12.105,0.25,38.3,3.908,NORMAL
3368.0,15.79,12.032,0.25,39.3,3.947,OVERTEMP
3370.0,15.2,11.565,0.25,37.3,3.8,NORMAL
3372.0,15.37,11.921,0.24,37.6,3.689,NORMAL
3374.0,15.48,11.846,0.25,38.4,3.87,NORMAL
3376.0,15.54,11.694,0.25,37.1,3.885,NORMAL
3378.0,15.68,12.098,0.25,38.9,3.92,NORMAL
3380.0,15.79,12.36,0.25,38.1,3.947,NORMAL
3382.0,15.1,11.702,0.25,39.0,3.775,NORMAL
3384.0,15.99,12.303,0.25,38.0,3.998,NORMAL
3386.0,15.08,11.751,0.24,37.5,3.619,NORMAL
3388.0,15.8,12.144,0.25,38.4,3.95,NORMAL
3390.0,15.88,12.188,0.25,38.0,3.97,NORMAL
3392.0,15.76,11.998,0.25,38.4,3.94,NORMAL
3394.0,15.34,11.785,0.25,38.0,3.835,NORMAL
3396.0,15.81,12.341,0.25,37.9,3.953,NORMAL
3398.0,15.96,12.428,0.26,37.9,4.15,NORMAL
3400.0,15.38,12.066,0.24,36.9,3.691,NORMAL
3402.0,15.4,11.964,0.25,37.6,3.85,NORMAL
3404.0,15.51,11.788,0.24,38.2,3.722,NORMAL
3406.0,15.4,11.902,0.24,37.4,3.696,NORMAL
3408.0,15.14,11.634,0.24,38.0,3.634,NORMAL
3410.0,16.07,12.424,0.26,37.6,4.178,NORMAL
3412.0,15.78,12.148,0.25,37.3,3.945,NORMAL
3414.0,15.56,11.904,0.25,38.2,3.89,NORMAL
3416.0,15.33,11.692,0.25,38.2,3.833,NORMAL
3418.0,15.82,12.147,0.24,37.7,3.797,NORMAL
3420.0,15.45,11.815,0.25,38.9,3.862,NORMAL
3422.0,16.17,12.485,0.25,38.0,4.043,NORMAL
3424.0,16.19,12.346,0.24,37.5,3.886,NORMAL
3426.0,15.61,12.233,0.24,38.0,3.746,NORMAL
3428.0,15.64,12.159,0.25,37.7,3.91,NORMAL
3430.0,15.41,11.919,0.26,38.9,4.007,NORMAL
3432.0,15.6,11.926,0.26,38.5,4.056,NORMAL
3434.0,15.48,12.017,0.24,38.2,3.715,NORMAL
3436.0,15.28,11.69,0.25,37.4,3.82,NORMAL
3438.0,15.73,11.917,0.25,37.9,3.933,NORMAL
3440.0,15.64,12.028,0.25,37.7,3.91,NORMAL
3442.0,15.64,12.269,0.24,37.3,3.754,NORMAL
3444.0,15.45,12.337,0.25,38.5,3.862,NORMAL
3446.0,15.31,11.754,0.25,37.7,3.828,BORDERLINE_OVERTEMP
3448.0,15.43,11.727,0.24,38.0,3.703,NORMAL
3450.0,15.82,12.121,0.25,38.2,3.955,NORMAL
3452.0,15.51,11.916,0.25,37.5,3.877,NORMAL
3454.0,15.4,12.04,0.24,37.0,3.696,NORMAL
3456.0,15.44,11.756,0.26,38.5,4.014,NORMAL
3458.0,15.35,11.842,0.27,38.8,4.144,NORMAL
3460.0,15.66,11.979,0.25,38.2,3.915,NORMAL
3462.0,15.12,11.551,0.24,38.0,3.629,NORMAL
3464.0,15.58,12.111,0.24,37.6,3.739,NORMAL
3466.0,15.66,12.123,0.25,38.4,3.915,NORMAL
3468.0,15.94,12.104,0.25,37.8,3.985,BORDERLINE_OVERLOAD
3470.0,15.5,12.067,0.26,38.6,4.03,NORMAL
3472.0,15.18,11.831,0.26,37.2,3.947,NORMAL
3474.0,15.51,12.099,0.25,37.4,3.877,NORMAL
3476.0,15.26,11.575,0.25,37.5,3.815,NORMAL
3478.0,15.62,12.048,0.26,39.2,4.061,NORMAL
3480.0,15.86,12.165,0.25,38.2,3.965,NORMAL
3482.0,15.65,12.049,0.25,37.7,3.913,NORMAL
3484.0,15.59,12.009,0.26,37.5,4.053,NORMAL
3486.0,16.05,12.344,0.26,38.6,4.173,NORMAL
3488.0,15.68,11.843,0.26,38.7,4.077,NORMAL
3490.0,15.29,11.724,0.26,37.9,3.975,NORMAL
3492.0,15.31,12.065,0.25,37.4,3.828,NORMAL
3494.0,15.59,12.131,0.25,38.3,3.897,NORMAL
3496.0,15.82,12.142,0.26,37.7,4.113,NORMAL
3498.0,15.78,12.198,0.25,38.0,3.945,NORMAL
3500.0,15.78,12.122,0.24,38.3,3.787,NORMAL
3502.0,15.77,12.307,0.25,38.7,3.942,NORMAL
3504.0,15.92,12.253,0.26,38.1,4.139,NORMAL
3506.0,15.8,12.213,0.25,37.9,3.95,NORMAL
3508.0,15.59,12.022,0.24,38.6,3.742,NORMAL
3510.0,16.08,12.366,0.24,37.7,3.859,NORMAL
3512.0,15.87,12.076,0.25,38.1,3.967,BORDERLINE_OVERTEMP
3514.0,15.33,11.769,0.25,37.4,3.833,NORMAL
3516.0,15.72,12.256,0.24,38.7,3.773,NORMAL
3518.0,15.23,11.669,0.24,37.0,3.655,NORMAL
3520.0,15.78,11.965,0.25,38.2,3.945,NORMAL
3522.0,15.79,12.146,0.25,38.0,3.947,NORMAL
3524.0,15.3,11.858,0.24,38.4,3.672,NORMAL
3526.0,15.85,11.989,0.25,38.1,3.962,NORMAL
3528.0,15.54,12.062,0.25,38.9,3.885,NORMAL
3530.0,15.96,12.292,0.25,37.7,3.99,NORMAL
3532.0,15.66,12.04,0.24,37.8,3.758,NORMAL
3534.0,15.98,12.176,0.24,38.5,3.835,NORMAL
3536.0,15.28,11.944,0.26,38.3,3.973,NORMAL
3538.0,15.79,12.138,0.26,38.3,4.105,NORMAL
3540.0,15.68,12.0,0.26,37.6,4.077,NORMAL
3542.0,15.53,11.747,0.24,38.1,3.727,NORMAL
3544.0,15.61,12.231,0.26,37.8,4.059,NORMAL
3546.0,15.26,11.58,0.26,38.3,3.968,NORMAL
3548.0,16.23,12.293,0.25,37.6,4.058,NORMAL
3550.0,15.55,11.952,0.25,38.0,3.888,NORMAL
3552.0,15.75,12.111,0.25,37.1,3.938,NORMAL
3554.0,15.05,11.653,0.25,37.6,3.763,NORMAL
3556.0,15.91,12.189,0.24,38.5,3.818,NORMAL
3558.0,16.01,12.397,0.25,37.6,4.003,NORMAL
3560.0,15.5,11.947,0.24,37.8,3.72,NORMAL
3562.0,15.91,12.318,0.24,38.0,3.818,NORMAL
3564.0,15.65,12.036,0.26,38.0,4.069,NORMAL
3566.0,15.74,12.184,0.25,37.8,3.935,NORMAL
3568.0,15.45,12.078,0.25,37.8,3.862,BORDERLINE_OVERVOLTAGE
3570.0,14.85,11.299,0.25,38.0,3.712,NORMAL
3572.0,15.67,11.752,0.25,38.3,3.917,NORMAL
3574.0,15.92,12.34,0.25,38.3,3.98,NORMAL
3576.0,15.39,11.628,0.25,37.8,3.848,NORMAL
3578.0,15.87,12.164,0.25,37.6,3.967,NORMAL
3580.0,17.498,13.186,0.25,38.2,4.374,NORMAL
3582.0,15.43,11.889,0.25,38.9,3.857,NORMAL
3584.0,15.85,12.169,0.25,37.8,3.962,BORDERLINE_OVERTEMP
3586.0,15.56,12.037,0.25,38.6,3.89,NORMAL
3588.0,15.88,12.132,0.24,37.8,3.811,NORMAL
3590.0,15.67,11.96,0.25,38.3,3.917,NORMAL
3592.0,15.61,12.285,0.25,37.1,3.902,NORMAL
3594.0,15.53,11.977,0.24,38.1,3.727,NORMAL
3596.0,15.58,12.044,0.26,38.3,4.051,NORMAL
3598.0,15.71,11.921,0.25,38.8,3.928,NORMAL
3600.0,15.63,11.942,0.25,38.4,3.908,NORMAL
3602.0,15.19,11.907,0.25,38.1,3.797,NORMAL
3604.0,15.3,11.766,0.26,39.1,3.978,NORMAL
3606.0,15.3,11.877,0.25,38.0,3.825,NORMAL
3608.0,15.46,11.716,0.26,37.5,4.02,NORMAL
3610.0,15.86,12.587,0.24,37.9,3.806,NORMAL
3612.0,15.6,12.017,0.24,38.0,3.744,NORMAL
3614.0,15.64,12.254,0.25,37.5,3.91,NORMAL
3616.0,15.66,12.22,0.25,37.7,3.915,NORMAL
3618.0,15.54,11.861,0.25,37.6,3.885,NORMAL
3620.0,15.76,12.058,0.25,37.6,3.94,NORMAL
3622.0,15.76,12.138,0.25,37.9,3.94,NORMAL
3624.0,15.15,11.618,0.24,38.2,3.636,NORMAL
3626.0,15.85,12.421,0.26,38.3,4.121,NORMAL
3628.0,15.58,12.303,0.144,37.7,2.238,NORMAL
3630.0,16.06,12.516,0.25,38.2,4.015,NORMAL
3632.0,15.57,12.011,0.25,38.4,3.893,NORMAL
3634.0,15.64,12.079,0.24,37.2,3.754,NORMAL
3636.0,15.81,12.085,0.25,38.7,3.953,NORMAL
3638.0,15.35,11.937,0.25,38.0,3.837,NORMAL
3640.0,15.42,11.891,0.26,38.9,4.009,NORMAL
3642.0,15.89,12.356,0.24,38.5,3.814,NORMAL
3644.0,15.8,12.086,0.25,36.7,3.95,NORMAL
3646.0,15.45,11.867,0.24,38.1,3.708,NORMAL
3648.0,15.41,12.022,0.24,37.7,3.698,NORMAL
3650.0,15.45,11.957,0.25,37.8,3.862,NORMAL
3652.0,15.71,12.274,0.23,38.5,3.613,NORMAL
3654.0,15.35,11.756,0.24,37.8,3.684,NORMAL
3656.0,15.65,12.244,0.24,37.5,3.756,NORMAL
3658.0,15.38,11.652,0.26,38.2,3.999,NORMAL
3660.0,15.75,12.158,0.25,37.8,3.938,NORMAL
3662.0,15.71,12.15,0.25,38.5,3.928,NORMAL
3664.0,15.28,11.882,0.25,39.3,3.82,NORMAL
3666.0,16.15,12.449,0.26,38.1,4.199,NORMAL
3668.0,15.59,12.161,0.24,38.0,3.742,NORMAL
3670.0,15.46,11.815,0.25,38.4,3.865,NORMAL
3672.0,15.49,11.791,0.24,37.6,3.718,NORMAL
3674.0,15.39,11.889,0.26,37.6,4.001,NORMAL
3676.0,15.48,12.041,0.26,38.6,4.025,NORMAL
3678.0,15.67,12.307,0.25,37.5,3.917,NORMAL
3680.0,15.42,11.829,0.25,38.5,3.855,NORMAL
3682.0,15.84,12.135,0.25,38.8,3.96,NORMAL
3684.0,15.3,11.817,0.25,38.1,3.825,NORMAL
3686.0,15.51,12.195,0.24,38.2,3.722,NORMAL
3688.0,15.71,12.148,0.25,38.3,3.928,NORMAL
3690.0,15.82,12.081,0.25,37.9,3.955,NORMAL
3692.0,15.54,12.018,0.25,37.9,3.885,NORMAL
3694.0,15.7,12.103,0.26,38.6,4.082,NORMAL
3696.0,15.29,11.587,0.25,38.0,3.822,NORMAL
3698.0,15.92,12.416,0.25,38.2,3.98,NORMAL
3700.0,15.45,11.895,0.25,37.9,3.862,NORMAL
3702.0,15.42,11.979,0.26,37.8,4.009,NORMAL
3704.0,15.16,11.723,0.26,38.5,3.942,NORMAL
3706.0,15.55,11.776,0.25,39.0,3.888,NORMAL
3708.0,15.78,12.12,0.24,38.0,3.787,NORMAL
3710.0,15.5,12.075,0.25,37.5,3.875,NORMAL
3712.0,15.18,11.588,0.25,37.9,3.795,NORMAL
3714.0,15.65,11.886,0.24,38.0,3.756,NORMAL
3716.0,15.71,12.136,0.24,37.8,3.77,NORMAL
3718.0,15.42,11.97,0.25,37.3,3.855,NORMAL
3720.0,16.01,12.41,0.27,38.0,4.323,NORMAL
3722.0,15.18,11.669,0.26,38.4,3.947,NORMAL
3724.0,15.89,12.286,0.25,37.8,3.973,NORMAL
3726.0,15.35,11.721,0.26,37.5,3.991,NORMAL
3728.0,15.39,11.714,0.25,37.7,3.848,NORMAL
3730.0,15.46,11.786,0.25,37.5,3.865,NORMAL
3732.0,16.09,12.324,0.24,37.9,3.862,NORMAL
3734.0,15.5,11.915,0.25,38.4,3.875,NORMAL
3736.0,15.31,12.022,0.26,38.0,3.981,NORMAL
3738.0,15.07,11.607,0.25,38.9,3.768,NORMAL
3740.0,15.55,11.95,0.25,37.7,3.888,NORMAL
3742.0,15.52,12.021,0.25,38.6,3.88,NORMAL
3744.0,15.66,11.972,0.26,37.9,4.072,NORMAL
3746.0,15.46,11.864,0.25,37.5,3.865,NORMAL
3748.0,15.48,11.916,0.26,36.7,4.025,NORMAL
3750.0,16.0,12.318,0.25,38.3,4.0,NORMAL
3752.0,15.44,11.817,0.24,38.1,3.706,NORMAL
3754.0,15.41,12.174,0.25,38.8,3.853,NORMAL
3756.0,15.65,12.114,0.25,37.5,3.913,NORMAL
3758.0,16.02,12.402,0.25,36.9,4.005,NORMAL
3760.0,15.83,12.24,0.24,38.1,3.799,NORMAL
3762.0,15.58,11.96,0.25,38.5,3.895,NORMAL
3764.0,15.25,11.848,0.24,38.6,3.66,NORMAL
3766.0,15.62,11.907,0.25,37.8,3.905,NORMAL
3768.0,15.5,11.915,0.24,37.7,3.72,NORMAL
3770.0,15.74,12.285,0.25,38.4,3.935,NORMAL
3772.0,15.85,12.08,0.25,38.0,3.962,NORMAL
3774.0,15.77,12.376,0.26,38.2,4.1,NORMAL
3776.0,15.24,11.799,0.24,38.4,3.658,NORMAL
3778.0,15.91,12.216,0.25,37.6,3.978,NORMAL
3780.0,15.24,11.871,0.24,38.4,3.658,NORMAL
3782.0,15.68,11.931,0.24,37.8,3.763,NORMAL
3784.0,15.88,12.224,0.25,37.5,3.97,NORMAL
3786.0,15.45,11.75,0.26,37.7,4.017,NORMAL
3788.0,15.1,11.502,0.25,37.7,3.775,NORMAL
3790.0,15.88,12.387,0.25,38.0,3.97,NORMAL
3792.0,15.76,12.235,0.24,37.5,3.782,NORMAL
3794.0,15.69,12.16,0.25,37.6,3.922,NORMAL
3796.0,15.42,11.817,0.25,38.7,3.855,NORMAL
3798.0,15.23,11.791,0.24,38.5,3.655,NORMAL
3800.0,15.57,11.9,0.25,38.2,3.893,NORMAL
3802.0,15.67,11.995,0.25,37.6,3.917,NORMAL
3804.0,15.51,11.518,0.25,38.1,3.877,NORMAL
3806.0,15.41,11.76,0.25,38.7,3.853,NORMAL
3808.0,15.64,12.098,0.26,37.4,4.066,NORMAL
3810.0,15.41,11.801,0.25,37.6,3.853,NORMAL
3812.0,16.24,12.537,0.26,38.5,4.222,NORMAL
3814.0,15.22,11.654,0.25,38.5,3.805,NORMAL
3816.0,15.83,12.134,0.25,38.8,3.958,NORMAL
3818.0,15.34,11.622,0.25,38.7,3.835,NORMAL
3820.0,15.12,11.684,0.25,37.8,3.78,NORMAL
3822.0,15.82,12.427,0.25,37.1,3.955,NORMAL
3824.0,17.964,13.642,0.24,38.5,4.311,SENSOR_FAULT
3826.0,15.59,11.975,0.25,38.5,3.897,NORMAL
3828.0,15.96,12.174,0.2,38.3,3.186,NORMAL
3830.0,15.92,12.33,0.31,37.7,4.935,NORMAL
3832.0,15.81,12.112,0.34,37.5,5.375,NORMAL
3834.0,15.6,11.78,0.35,38.3,5.46,NORMAL
3836.0,15.68,11.99,0.37,37.6,5.802,NORMAL
3838.0,15.55,11.882,0.36,37.7,5.598,NORMAL
3840.0,15.72,12.294,0.4,37.9,6.288,NORMAL
3842.0,15.83,12.251,0.43,37.8,6.807,OVERLOAD
3844.0,15.55,11.916,0.43,38.2,6.687,NORMAL
3846.0,15.95,12.449,0.44,38.3,7.018,OVERLOAD
3848.0,15.84,12.296,0.44,38.2,6.97,OVERLOAD
3850.0,15.81,12.292,0.45,37.7,7.115,OVERLOAD
3852.0,15.42,11.89,0.47,38.7,7.247,NORMAL
3854.0,15.43,11.744,0.47,38.2,7.252,NORMAL
3856.0,15.54,12.06,0.49,38.6,7.615,NORMAL
3858.0,15.43,11.755,0.51,37.9,7.869,BORDERLINE_OVERLOAD
3860.0,15.56,11.996,0.52,38.1,8.091,NORMAL
3862.0,15.98,12.093,0.49,37.4,7.83,BORDERLINE_OVERLOAD
3864.0,15.69,12.116,0.51,38.7,8.002,BORDERLINE_OVERLOAD
3866.0,15.51,11.759,0.51,38.1,7.91,NORMAL
3868.0,16.23,12.545,0.52,38.1,8.44,NORMAL
3870.0,15.77,12.216,0.52,37.7,8.2,NORMAL
3872.0,15.69,12.122,0.51,38.6,8.002,NORMAL
3874.0,15.77,12.181,0.54,38.0,8.516,NORMAL
3876.0,15.79,12.172,0.52,38.0,8.211,NORMAL
3878.0,15.38,11.713,0.56,37.4,8.613,NORMAL
3880.0,15.91,12.316,0.54,37.5,8.591,BORDERLINE_OVERLOAD
3882.0,15.94,12.052,0.53,39.2,8.448,NORMAL
3884.0,15.76,12.111,0.55,38.4,8.668,BORDERLINE_OVERLOAD
3886.0,15.53,12.045,0.54,38.4,8.386,NORMAL
3888.0,15.84,12.078,0.52,37.9,8.237,NORMAL
3890.0,15.51,12.271,0.55,38.0,8.53,NORMAL
3892.0,15.65,11.981,0.54,38.0,8.451,NORMAL
3894.0,15.59,11.92,0.56,38.1,8.73,NORMAL
3896.0,15.38,12.009,0.54,38.0,8.305,NORMAL
3898.0,15.29,11.587,0.54,38.1,8.257,NORMAL
3900.0,15.4,11.904,0.51,37.6,7.854,NORMAL
3902.0,15.56,12.201,0.48,38.2,7.469,NORMAL
3904.0,15.98,12.269,0.44,38.3,7.031,NORMAL
3906.0,15.64,12.069,0.44,38.1,6.882,NORMAL
3908.0,15.46,11.952,0.41,37.8,6.339,NORMAL
3910.0,15.74,12.156,0.41,37.8,6.453,NORMAL
3912.0,15.76,12.109,0.4,38.0,6.304,OVERVOLTAGE
3914.0,15.53,12.062,0.37,37.9,5.746,NORMAL
3916.0,15.59,11.916,0.36,38.1,5.612,NORMAL
3918.0,15.56,11.951,0.35,37.9,5.446,OVERLOAD
3920.0,15.34,11.792,0.34,38.3,5.216,NORMAL
3922.0,15.68,12.088,0.35,37.6,5.488,NORMAL
3924.0,15.14,11.661,0.32,38.9,4.845,NORMAL
3926.0,15.34,11.738,0.32,37.5,4.909,NORMAL
3928.0,14.96,11.633,0.3,36.7,4.488,NORMAL
3930.0,15.68,12.002,0.31,37.4,4.861,NORMAL
3932.0,15.08,11.749,0.29,38.4,4.373,NORMAL
3934.0,14.91,11.754,0.3,38.7,4.473,OVERLOAD
3936.0,15.8,12.121,0.28,39.3,4.424,NORMAL
3938.0,15.0,11.645,0.29,37.7,4.35,NORMAL
3940.0,14.82,11.464,0.28,38.6,4.15,NORMAL
3942.0,15.14,11.504,0.28,38.5,4.239,NORMAL
3944.0,15.23,11.886,0.27,38.1,4.112,NORMAL
3946.0,14.82,11.408,0.27,37.1,4.001,NORMAL
3948.0,15.38,11.809,0.27,37.4,4.153,NORMAL
3950.0,14.74,11.28,0.26,38.2,3.832,NORMAL
3952.0,15.32,11.792,0.27,38.0,4.136,NORMAL
3954.0,15.23,11.827,0.27,38.2,4.112,NORMAL
3956.0,15.01,11.606,0.27,37.8,4.053,NORMAL
3958.0,14.99,11.645,0.26,37.7,3.897,NORMAL
3960.0,15.34,11.991,0.27,37.4,4.142,NORMAL
3962.0,14.97,11.594,0.26,37.6,3.892,NORMAL
3964.0,19.591,15.045,0.25,38.3,4.898,NORMAL
3966.0,14.99,11.69,0.27,37.9,4.047,NORMAL
3968.0,14.53,11.234,0.27,38.7,3.923,NORMAL
3970.0,14.58,11.352,0.26,37.3,3.791,NORMAL
3972.0,15.12,11.777,0.25,38.5,3.78,OVERVOLTAGE
3974.0,15.24,11.883,0.26,37.4,3.962,NORMAL
3976.0,14.96,11.813,0.25,38.6,3.74,NORMAL
3978.0,15.01,11.561,0.27,38.0,4.053,NORMAL
3980.0,14.87,11.591,0.26,37.6,3.866,NORMAL
3982.0,14.89,11.477,0.25,38.5,3.723,NORMAL
3984.0,14.92,11.616,0.26,38.7,3.879,NORMAL
3986.0,14.86,11.536,0.25,38.0,3.715,NORMAL
3988.0,14.79,11.253,0.26,38.0,3.845,NORMAL
3990.0,14.8,11.673,0.25,38.0,3.7,NORMAL
3992.0,15.06,11.6,0.25,38.1,3.765,NORMAL
3994.0,15.08,11.652,0.26,38.6,3.921,NORMAL
3996.0,15.38,12.129,0.26,37.7,3.999,NORMAL
3998.0,15.14,11.94,0.25,38.8,3.785,NORMAL
4000.0,15.11,11.76,0.25,37.9,3.777,NORMAL
4002.0,15.46,12.102,0.25,38.0,3.865,NORMAL
4004.0,15.14,11.748,0.26,37.9,3.936,NORMAL
4006.0,15.22,11.912,0.25,37.8,3.805,NORMAL
4008.0,15.12,11.797,0.25,39.0,3.78,NORMAL
4010.0,14.77,11.327,0.25,37.2,3.692,NORMAL
4012.0,14.62,11.336,0.25,37.5,3.655,NORMAL
4014.0,15.0,11.773,0.25,37.8,3.75,NORMAL
4016.0,15.72,12.348,0.26,37.9,4.087,NORMAL
4018.0,15.05,11.896,0.24,38.0,3.612,NORMAL
4020.0,15.39,11.986,0.25,37.3,3.848,NORMAL
4022.0,15.67,11.987,0.26,37.7,4.074,NORMAL
4024.0,15.16,11.574,0.25,37.5,3.79,NORMAL
4026.0,15.38,11.922,0.25,37.8,3.845,NORMAL
4028.0,15.51,11.84,0.25,38.1,3.877,NORMAL
4030.0,15.53,12.092,0.25,37.3,3.882,NORMAL
4032.0,15.31,11.927,0.25,38.5,3.828,NORMAL
4034.0,15.53,12.054,0.25,38.4,3.882,NORMAL
4036.0,15.38,11.885,0.25,37.1,3.845,NORMAL
4038.0,15.52,12.126,0.26,38.2,4.035,NORMAL
4040.0,15.38,11.959,0.26,37.8,3.999,NORMAL
4042.0,15.21,11.715,0.25,37.1,3.803,NORMAL
4044.0,15.66,12.167,0.25,37.5,3.915,NORMAL
4046.0,15.53,12.289,0.25,38.0,3.882,NORMAL
4048.0,15.83,12.206,0.26,38.2,4.116,NORMAL
4050.0,15.01,11.388,0.25,37.8,3.752,NORMAL
4052.0,15.3,11.907,0.24,38.0,3.672,NORMAL
4054.0,15.83,11.95,0.25,37.6,3.958,NORMAL
4056.0,15.16,11.693,0.24,37.6,3.638,NORMAL
4058.0,15.34,11.84,0.25,37.9,3.835,NORMAL
4060.0,15.85,12.198,0.24,38.2,3.804,NORMAL
4062.0,15.5,11.839,0.26,38.4,4.03,NORMAL
4064.0,15.54,12.05,0.25,37.9,3.885,NORMAL
4066.0,15.65,12.043,0.26,37.3,4.069,NORMAL
4068.0,15.37,11.901,0.25,37.3,3.842,NORMAL
4070.0,15.44,11.854,0.25,37.3,3.86,NORMAL
4072.0,15.84,12.395,0.25,38.3,3.96,NORMAL
4074.0,15.65,11.992,0.25,38.2,3.913,NORMAL
4076.0,15.47,11.885,0.24,38.4,3.713,NORMAL
4078.0,15.63,11.952,0.24,38.2,3.751,NORMAL
4080.0,15.56,11.992,0.26,38.4,4.046,NORMAL
4082.0,15.18,11.81,0.27,38.8,4.099,NORMAL
4084.0,15.42,12.046,0.25,37.8,3.855,NORMAL
4086.0,15.66,12.2,0.25,37.8,3.915,NORMAL
4088.0,15.97,12.253,0.26,38.3,4.152,NORMAL
4090.0,14.84,11.501,0.25,38.0,3.71,NORMAL
4092.0,15.61,12.106,0.24,38.3,3.746,NORMAL
4094.0,15.76,12.086,0.26,38.3,4.098,NORMAL
4096.0,15.58,12.128,0.25,38.0,3.895,NORMAL
4098.0,15.75,12.138,0.26,39.0,4.095,NORMAL
4100.0,14.7,11.295,0.26,37.8,3.822,NORMAL
4102.0,15.5,11.766,0.25,38.3,3.875,NORMAL
4104.0,15.35,11.922,0.25,38.3,3.837,BORDERLINE_OVERTEMP
4106.0,15.41,11.917,0.24,37.8,3.698,NORMAL
4108.0,15.95,12.107,0.24,37.9,3.828,NORMAL
4110.0,15.21,11.8,0.26,38.2,3.955,NORMAL
4112.0,15.81,12.437,0.28,37.8,4.427,NORMAL
4114.0,15.54,11.759,0.31,38.0,4.817,NORMAL
4116.0,15.12,11.775,0.33,38.5,4.99,NORMAL
4118.0,15.81,12.054,0.34,38.7,5.375,NORMAL
4120.0,15.65,12.219,0.37,37.9,5.79,NORMAL
4122.0,15.43,11.855,0.38,38.0,5.863,NORMAL
4124.0,16.39,12.448,0.41,37.8,6.72,NORMAL
4126.0,15.16,11.879,0.41,38.1,6.216,NORMAL
4128.0,15.86,12.239,0.44,37.9,6.978,NORMAL
4130.0,15.48,11.927,0.46,37.9,7.121,NORMAL
4132.0,15.08,11.53,0.45,38.4,6.786,NORMAL
4134.0,15.42,12.021,0.47,37.3,7.247,BORDERLINE_OVERLOAD
4136.0,15.48,11.983,0.47,37.5,7.276,NORMAL
4138.0,16.18,12.574,0.49,37.6,7.928,NORMAL
4140.0,15.53,11.621,0.51,38.4,7.92,NORMAL
4142.0,15.36,11.732,0.51,38.1,7.834,OVERLOAD
4144.0,15.45,12.18,0.48,38.0,7.416,NORMAL
4146.0,15.79,12.282,0.53,38.4,8.369,OVERLOAD
4148.0,16.06,12.475,0.51,37.9,8.191,NORMAL
4150.0,15.94,12.28,0.51,37.7,8.129,NORMAL
4152.0,15.79,12.389,0.53,37.4,8.369,OVERTEMP
4154.0,15.45,12.238,0.52,37.6,8.034,BORDERLINE_OVERLOAD
4156.0,15.66,12.158,0.51,38.4,7.987,BORDERLINE_OVERLOAD
4158.0,15.56,11.935,0.54,37.6,8.402,NORMAL
4160.0,15.13,11.882,0.51,38.8,7.716,NORMAL
4162.0,15.62,12.007,0.55,37.9,8.591,NORMAL
4164.0,15.61,12.167,0.53,37.9,8.273,NORMAL
4166.0,15.64,12.098,0.54,38.5,8.446,NORMAL
4168.0,15.37,11.84,0.52,38.1,7.992,NORMAL
4170.0,15.62,11.877,0.54,39.2,8.435,NORMAL
4172.0,15.13,11.727,0.54,37.8,8.17,NORMAL
4174.0,15.74,12.054,0.56,37.3,8.814,BORDERLINE_OVERLOAD
4176.0,15.7,12.209,0.55,39.0,8.635,NORMAL
4178.0,15.59,11.944,0.53,37.7,8.263,BORDERLINE_OVERLOAD
4180.0,15.75,12.076,0.55,37.4,8.663,NORMAL
4182.0,15.81,12.218,0.55,38.3,8.696,NORMAL
4184.0,15.98,12.179,0.55,37.8,8.789,NORMAL
4186.0,15.66,12.04,0.51,37.9,7.987,NORMAL
4188.0,15.28,11.824,0.53,38.4,8.098,NORMAL
4190.0,15.62,12.186,0.55,38.0,8.591,NORMAL
4192.0,15.63,12.088,0.53,38.7,8.284,NORMAL
4194.0,15.46,11.91,0.53,38.2,8.194,NORMAL
4196.0,15.97,12.394,0.54,37.6,8.624,NORMAL
4198.0,15.82,12.174,0.55,38.3,8.701,BORDERLINE_OVERVOLTAGE
4200.0,15.68,12.059,0.58,40.2,9.094,OVERTEMP
4202.0,16.07,12.144,0.52,42.9,8.356,OVERVOLTAGE
4204.0,15.38,11.986,0.57,42.8,8.767,OVERTEMP
4206.0,15.23,11.796,0.56,43.7,8.529,OVERTEMP
4208.0,15.58,11.947,0.53,44.9,8.257,OVERTEMP
4210.0,15.7,11.988,0.53,45.9,8.321,OVERTEMP
4212.0,15.82,12.068,0.5,48.1,7.91,OVERTEMP
4214.0,14.98,11.575,0.47,47.6,7.041,OVERTEMP
4216.0,15.38,11.885,0.48,48.8,7.382,OVERTEMP
4218.0,15.66,12.127,0.46,49.7,7.204,OVERTEMP
4220.0,15.32,11.67,0.47,50.1,7.2,OVERTEMP
4222.0,15.67,12.339,0.42,51.5,6.581,OVERTEMP
4224.0,15.32,11.878,0.43,49.8,6.588,OVERTEMP
4226.0,15.29,11.89,0.41,50.9,6.269,OVERTEMP
4228.0,15.95,12.465,0.41,51.5,6.539,OVERTEMP
4230.0,15.34,11.708,0.37,53.1,5.676,OVERTEMP
4232.0,15.95,12.442,0.4,53.6,6.38,OVERTEMP
4234.0,15.18,11.906,0.39,53.2,5.92,OVERTEMP
4236.0,15.37,11.792,0.38,54.0,5.841,OVERTEMP
4238.0,15.65,11.895,0.36,56.0,5.634,OVERTEMP
4240.0,15.49,11.787,0.38,55.9,5.886,OVERTEMP
4242.0,16.3,12.394,0.39,54.6,6.357,OVERTEMP
4244.0,15.8,12.046,0.37,55.6,5.846,OVERTEMP
4246.0,15.56,12.083,0.37,53.6,5.757,OVERTEMP
4248.0,15.79,12.286,0.39,53.0,6.158,OVERTEMP
4250.0,16.48,12.612,0.36,56.7,5.933,OVERTEMP
4252.0,15.12,11.585,0.36,56.0,5.443,OVERTEMP
4254.0,15.39,11.944,0.37,55.1,5.694,OVERTEMP
4256.0,15.68,12.107,0.37,54.7,5.802,OVERTEMP
4258.0,15.27,11.922,0.38,54.6,5.803,OVERTEMP
4260.0,15.52,11.844,0.36,54.8,5.587,OVERTEMP
4262.0,14.99,11.616,0.35,55.1,5.247,OVERTEMP
4264.0,15.95,12.093,0.35,54.6,5.582,OVERTEMP
4266.0,15.77,12.229,0.38,56.8,5.993,OVERTEMP
4268.0,15.82,12.257,0.38,55.9,6.012,OVERTEMP
4270.0,15.49,11.944,0.34,54.9,5.267,OVERTEMP
4272.0,18.634,14.336,0.38,55.7,7.081,OVERTEMP
4274.0,15.45,11.828,0.35,54.3,5.407,OVERTEMP
4276.0,15.78,12.172,0.36,56.6,5.681,OVERTEMP
4278.0,15.48,12.077,0.38,55.6,5.882,OVERTEMP
4280.0,15.46,11.948,0.36,56.7,5.566,OVERTEMP
4282.0,14.77,11.496,0.35,57.0,5.169,OVERTEMP
4284.0,15.76,12.186,0.33,55.1,5.201,OVERTEMP
4286.0,15.74,12.171,0.37,55.7,5.824,OVERTEMP
4288.0,15.61,12.082,0.34,53.6,5.307,OVERTEMP
4290.0,15.66,12.141,0.34,54.2,5.324,OVERTEMP
4292.0,15.51,11.703,0.36,57.7,5.584,OVERTEMP
4294.0,15.35,11.652,0.35,57.3,5.372,OVERTEMP
4296.0,16.28,12.479,0.35,55.8,5.698,OVERTEMP
4298.0,15.45,11.958,0.37,54.8,5.716,OVERTEMP
4300.0,15.47,11.981,0.34,58.5,5.26,OVERTEMP
4302.0,15.82,12.392,0.37,54.5,5.853,OVERTEMP
4304.0,14.72,11.467,0.34,55.5,5.005,OVERTEMP
4306.0,15.68,11.961,0.35,55.9,5.488,OVERTEMP
4308.0,15.07,11.832,0.36,56.6,5.425,OVERTEMP
4310.0,15.32,11.965,0.36,55.7,5.515,OVERTEMP
4312.0,16.04,12.452,0.35,55.6,5.614,BORDERLINE_OVERLOAD
4314.0,15.98,12.256,0.34,54.6,5.433,OVERTEMP
4316.0,16.36,12.413,0.37,54.8,6.053,OVERTEMP
4318.0,16.33,12.462,0.34,56.5,5.552,OVERTEMP
4320.0,16.51,12.69,0.34,57.1,5.613,OVERTEMP
4322.0,16.07,12.328,0.32,53.8,5.142,OVERTEMP
4324.0,16.11,12.453,0.34,54.9,5.477,OVERTEMP
4326.0,16.26,12.343,0.35,56.8,5.691,OVERTEMP
4328.0,15.96,12.293,0.37,56.0,5.905,OVERTEMP
4330.0,16.96,13.201,0.33,56.8,5.597,OVERLOAD
4332.0,16.03,12.242,0.36,55.0,5.771,OVERTEMP
4334.0,16.31,12.721,0.36,57.1,5.872,OVERTEMP
4336.0,16.17,12.538,0.37,55.6,5.983,OVERTEMP
4338.0,16.29,12.31,0.36,56.4,5.864,OVERLOAD
4340.0,15.82,12.279,0.35,54.3,5.537,OVERTEMP
4342.0,16.57,12.884,0.35,54.9,5.8,OVERTEMP
4344.0,17.01,13.046,0.35,56.5,5.954,OVERLOAD
4346.0,16.47,12.752,0.35,56.0,5.764,OVERVOLTAGE
4348.0,17.15,12.964,0.33,55.9,5.659,OVERTEMP
4350.0,16.89,13.017,0.34,54.5,5.743,OVERTEMP
4352.0,16.95,13.03,0.36,56.2,6.102,OVERTEMP
4354.0,16.84,12.841,0.34,55.9,5.726,OVERTEMP
4356.0,15.9,12.304,0.35,57.1,5.565,BORDERLINE_OVERLOAD
4358.0,16.57,12.607,0.35,56.5,5.8,NORMAL
4360.0,16.23,12.508,0.35,56.3,5.68,NORMAL
4362.0,16.3,12.631,0.35,59.2,5.705,OVERVOLTAGE
4364.0,16.51,12.65,0.35,55.5,5.779,OVERTEMP
4366.0,16.47,12.557,0.33,54.4,5.435,OVERTEMP
4368.0,16.44,12.43,0.35,57.5,5.754,OVERTEMP
4370.0,16.01,12.422,0.37,56.1,5.924,OVERTEMP
4372.0,16.97,12.956,0.34,55.9,5.77,OVERTEMP
4374.0,15.45,11.981,0.35,56.9,5.407,OVERTEMP
4376.0,16.32,12.691,0.35,55.3,5.712,OVERTEMP
4378.0,15.87,12.392,0.35,56.2,5.554,OVERTEMP
4380.0,16.35,12.626,0.33,54.8,5.396,OVERTEMP
4382.0,15.94,12.286,0.34,57.0,5.42,OVERTEMP
4384.0,15.95,12.463,0.36,55.6,5.742,OVERTEMP
4386.0,15.61,11.864,0.36,57.4,5.62,OVERTEMP
4388.0,15.74,12.101,0.37,57.2,5.824,OVERTEMP
4390.0,15.58,11.869,0.36,57.2,5.609,OVERTEMP
4392.0,15.39,11.839,0.35,56.6,5.386,OVERTEMP
4394.0,16.04,12.282,0.34,53.9,5.454,OVERTEMP
4396.0,15.8,11.943,0.35,54.8,5.53,OVERTEMP
4398.0,15.57,12.144,0.36,57.3,5.605,OVERTEMP
4400.0,15.45,11.992,0.33,56.5,5.098,OVERTEMP
4402.0,15.87,12.21,0.32,55.1,5.078,OVERTEMP
4404.0,15.89,12.268,0.36,56.1,5.72,OVERTEMP
4406.0,15.73,12.123,0.36,56.3,5.663,OVERTEMP
4408.0,15.6,12.055,0.35,56.5,5.46,OVERTEMP
4410.0,15.82,12.099,0.37,56.3,5.853,OVERTEMP
4412.0,15.99,12.34,0.33,54.9,5.277,OVERTEMP
4414.0,15.85,12.125,0.33,55.6,5.231,OVERTEMP
4416.0,15.49,11.943,0.36,56.7,5.576,OVERTEMP
4418.0,15.46,11.994,0.33,57.4,5.102,OVERTEMP
4420.0,15.4,11.847,0.36,55.9,5.544,OVERTEMP
4422.0,15.8,12.179,0.34,55.7,5.372,OVERTEMP
4424.0,15.46,11.834,0.36,57.9,5.566,OVERTEMP
4426.0,15.05,11.557,0.32,55.8,4.816,OVERTEMP
4428.0,15.71,11.881,0.35,54.4,5.498,OVERTEMP
4430.0,15.73,11.914,0.35,55.6,5.505,OVERTEMP
4432.0,15.79,12.054,0.37,56.3,5.842,OVERTEMP
4434.0,15.64,12.061,0.33,57.1,5.161,OVERTEMP
4436.0,15.0,11.56,0.35,56.5,5.25,OVERTEMP
4438.0,15.52,11.888,0.33,56.6,5.122,OVERTEMP
4440.0,14.86,11.455,0.35,57.0,5.201,OVERTEMP
4442.0,16.23,12.452,0.36,56.3,5.843,OVERTEMP
4444.0,15.59,12.079,0.35,55.7,5.456,OVERTEMP
4446.0,15.28,12.038,0.34,54.9,5.195,OVERTEMP
4448.0,15.8,12.24,0.35,54.9,5.53,OVERTEMP
4450.0,15.57,12.021,0.35,55.0,5.449,OVERTEMP
4452.0,15.46,11.74,0.34,56.7,5.256,OVERTEMP
4454.0,19.481,14.646,0.36,55.1,7.013,OVERTEMP
4456.0,15.53,12.025,0.35,55.8,5.435,OVERTEMP
4458.0,16.23,12.571,0.34,54.3,5.518,OVERTEMP
4460.0,16.2,12.432,0.36,54.9,5.832,OVERTEMP
4462.0,15.21,11.712,0.36,54.6,5.476,OVERTEMP
4464.0,15.25,11.796,0.35,55.6,5.337,OVERTEMP
4466.0,15.61,12.024,0.34,56.6,5.307,OVERTEMP
4468.0,15.26,11.764,0.38,56.5,5.799,OVERTEMP
4470.0,16.1,12.419,0.37,55.9,5.957,OVERTEMP
4472.0,15.26,11.804,0.35,55.8,5.341,OVERTEMP
4474.0,15.72,11.961,0.36,56.2,5.659,OVERTEMP
4476.0,15.27,11.913,0.34,55.7,5.192,BORDERLINE_OVERLOAD
4478.0,15.19,11.697,0.35,57.0,5.316,OVERTEMP
4480.0,15.76,12.108,0.35,56.3,5.516,OVERTEMP
4482.0,15.84,12.229,0.33,55.6,5.227,OVERTEMP
4484.0,15.79,12.337,0.37,55.6,5.842,OVERTEMP
4486.0,15.37,11.752,0.37,56.8,5.687,OVERTEMP
4488.0,15.71,12.073,0.35,56.6,5.498,OVERTEMP
4490.0,15.49,12.044,0.37,55.9,5.731,OVERTEMP
4492.0,15.52,11.893,0.37,55.3,5.742,OVERTEMP
4494.0,16.14,12.515,0.34,57.6,5.488,OVERTEMP
4496.0,15.55,11.999,0.33,56.0,5.132,OVERTEMP
4498.0,16.01,12.411,0.37,55.3,5.924,OVERTEMP
4500.0,15.87,11.976,0.38,56.5,6.031,OVERTEMP
4502.0,15.55,12.105,0.36,55.8,5.598,OVERTEMP
4504.0,15.71,11.943,0.41,56.3,6.441,OVERTEMP
4506.0,14.72,11.289,0.4,55.8,5.888,OVERTEMP
4508.0,15.0,11.676,0.4,55.8,6.0,OVERTEMP
4510.0,15.67,12.178,0.45,55.0,7.051,OVERTEMP_OVERLOAD
4512.0,15.62,12.166,0.44,55.6,6.873,OVERTEMP
4514.0,15.7,12.064,0.42,56.0,6.594,OVERTEMP
4516.0,15.77,12.191,0.42,56.0,6.623,OVERTEMP_OVERLOAD
4518.0,15.61,12.029,0.47,56.8,7.337,OVERTEMP
4520.0,15.68,11.859,0.46,56.4,7.213,OVERTEMP
4522.0,15.49,11.938,0.43,57.3,6.661,OVERTEMP
4524.0,15.53,11.838,0.48,56.4,7.454,OVERTEMP
4526.0,15.58,11.926,0.46,54.2,7.167,OVERTEMP_OVERLOAD
4528.0,15.54,12.118,0.47,54.5,7.304,OVERTEMP
4530.0,15.56,11.9,0.47,56.4,7.313,OVERTEMP
4532.0,15.76,12.205,0.47,55.1,7.407,OVERTEMP_OVERLOAD
4534.0,16.12,12.326,0.49,56.9,7.899,OVERTEMP
4536.0,15.04,11.806,0.51,58.1,7.67,OVERTEMP
4538.0,15.48,11.737,0.46,54.9,7.121,OVERTEMP_OVERLOAD
4540.0,15.56,12.031,0.51,55.9,7.936,OVERTEMP
4542.0,16.08,12.608,0.48,58.1,7.718,OVERTEMP_OVERLOAD
4544.0,15.55,11.946,0.48,56.7,7.464,OVERTEMP_OVERLOAD
4546.0,15.19,11.751,0.51,57.2,7.747,OVERTEMP
4548.0,15.16,11.653,0.47,56.1,7.125,OVERTEMP
4550.0,15.48,12.102,0.51,56.7,7.895,OVERTEMP_OVERLOAD
4552.0,15.25,11.828,0.48,56.8,7.32,OVERTEMP_OVERLOAD
4554.0,16.14,12.472,0.5,57.9,8.07,OVERTEMP
4556.0,15.97,12.396,0.49,56.0,7.825,OVERTEMP
4558.0,16.17,12.597,0.51,55.9,8.247,OVERTEMP
4560.0,14.83,11.48,0.47,56.7,6.97,OVERTEMP_OVERLOAD
4562.0,15.81,12.072,0.5,56.6,7.905,OVERTEMP
4564.0,15.8,12.409,0.51,57.2,8.058,OVERTEMP
4566.0,15.69,12.022,0.5,54.5,7.845,OVERTEMP
4568.0,15.53,12.068,0.52,55.4,8.076,OVERTEMP
4570.0,15.6,11.976,0.49,56.3,7.644,OVERTEMP
4572.0,15.45,11.859,0.47,55.8,7.261,OVERTEMP_OVERLOAD
4574.0,15.42,11.923,0.51,56.7,7.864,OVERTEMP
4576.0,15.95,12.213,0.51,55.7,8.134,OVERTEMP
4578.0,15.71,12.245,0.51,57.4,8.012,BORDERLINE_OVERVOLTAGE
4580.0,15.41,12.015,0.5,56.7,7.705,OVERTEMP
4582.0,15.93,12.134,0.5,54.7,7.965,OVERTEMP_OVERLOAD
4584.0,15.7,12.099,0.5,54.9,7.85,OVERTEMP
4586.0,15.82,12.132,0.48,57.1,7.594,OVERTEMP
4588.0,16.04,12.277,0.49,55.0,7.86,OVERTEMP_OVERLOAD
4590.0,15.57,12.041,0.49,55.8,7.629,OVERTEMP
4592.0,15.54,12.027,0.5,54.3,7.77,OVERTEMP
4594.0,15.57,11.784,0.53,55.1,8.252,OVERTEMP
4596.0,15.82,11.992,0.51,55.0,8.068,OVERTEMP
4598.0,16.14,12.348,0.53,53.5,8.554,OVERTEMP_OVERLOAD
4600.0,16.18,12.398,0.49,55.5,7.928,OVERTEMP_OVERLOAD
4602.0,15.21,11.53,0.47,57.1,7.149,OVERTEMP_OVERLOAD
4604.0,15.69,11.975,0.52,54.5,8.159,OVERTEMP
4606.0,16.03,12.475,0.51,55.4,8.175,OVERTEMP
4608.0,16.02,12.269,0.5,55.1,8.01,OVERTEMP
4610.0,15.7,11.908,0.5,56.9,7.85,OVERTEMP
4612.0,15.08,11.582,0.5,55.5,7.54,OVERTEMP
4614.0,14.98,11.66,0.5,55.9,7.49,OVERTEMP
4616.0,15.62,11.879,0.5,57.2,7.81,OVERTEMP
4618.0,15.79,12.01,0.47,55.2,7.421,OVERTEMP
4620.0,15.87,12.078,0.5,56.0,7.935,OVERTEMP_OVERLOAD
4622.0,15.49,11.826,0.49,56.4,7.59,OVERTEMP_OVERLOAD
4624.0,16.07,12.562,0.47,55.2,7.553,OVERTEMP
4626.0,15.45,11.86,0.48,56.2,7.416,OVERTEMP
4628.0,15.31,11.788,0.48,58.8,7.349,OVERTEMP_OVERLOAD
4630.0,14.92,11.453,0.53,56.6,7.908,OVERTEMP
4632.0,15.27,11.562,0.51,55.8,7.788,OVERTEMP
4634.0,16.23,12.628,0.49,57.5,7.953,OVERTEMP_OVERLOAD
4636.0,15.25,11.555,0.52,55.3,7.93,OVERTEMP
4638.0,15.45,11.88,0.51,55.5,7.88,OVERTEMP
4640.0,16.0,12.392,0.5,55.1,8.0,OVERTEMP_OVERLOAD
4642.0,15.67,12.119,0.45,56.4,7.051,OVERTEMP
4644.0,15.61,12.07,0.52,55.3,8.117,OVERTEMP
4646.0,15.05,11.518,0.51,58.0,7.676,OVERTEMP
4648.0,15.33,11.706,0.49,56.1,7.512,OVERTEMP_OVERLOAD
4650.0,15.75,11.914,0.52,56.5,8.19,OVERTEMP
4652.0,15.95,12.316,0.52,56.8,8.294,OVERTEMP_OVERLOAD
4654.0,15.68,11.964,0.52,57.9,8.154,OVERTEMP
4656.0,15.98,12.103,0.5,55.9,7.99,OVERTEMP
4658.0,15.5,11.821,0.48,55.5,7.44,OVERTEMP
4660.0,15.44,11.717,0.49,56.1,7.566,OVERTEMP_OVERLOAD
4662.0,15.09,11.787,0.51,55.2,7.696,OVERTEMP_OVERLOAD
4664.0,15.68,12.042,0.51,57.4,7.997,OVERTEMP
4666.0,15.4,11.859,0.52,56.5,8.008,OVERTEMP
4668.0,16.09,12.372,0.5,56.0,8.045,OVERTEMP_OVERLOAD
4670.0,15.27,11.842,0.5,57.4,7.635,OVERTEMP
4672.0,15.61,12.12,0.5,56.3,7.805,OVERTEMP_OVERLOAD
4674.0,15.81,12.23,0.49,56.3,7.747,OVERTEMP
4676.0,15.25,11.832,0.5,53.8,7.625,OVERTEMP_OVERLOAD
4678.0,15.83,12.223,0.51,55.6,8.073,OVERTEMP_OVERLOAD
4680.0,16.1,12.393,0.53,56.0,8.533,OVERTEMP
4682.0,15.99,12.463,0.47,55.7,7.515,OVERTEMP_OVERLOAD
4684.0,15.94,12.257,0.51,54.5,8.129,OVERTEMP_OVERLOAD
4686.0,15.39,11.752,0.51,55.2,7.849,OVERTEMP
4688.0,14.88,11.532,0.52,55.6,7.738,OVERTEMP
4690.0,15.6,11.902,0.48,54.7,7.488,OVERTEMP_OVERLOAD
4692.0,15.35,12.053,0.51,55.2,7.829,OVERTEMP
4694.0,15.96,12.463,0.52,55.9,8.299,OVERTEMP
4696.0,15.52,12.05,0.5,56.2,7.76,OVERTEMP
4698.0,15.82,12.256,0.49,55.5,7.752,OVERTEMP
4700.0,15.85,12.174,0.49,54.4,7.766,OVERTEMP
4702.0,15.82,12.126,0.53,54.8,8.385,OVERTEMP
4704.0,15.46,11.815,0.53,56.0,8.194,OVERTEMP
4706.0,15.8,12.055,0.49,54.8,7.742,OVERTEMP_OVERLOAD
4708.0,16.21,12.423,0.51,56.1,8.267,OVERTEMP
4710.0,15.7,12.107,0.51,56.3,8.007,OVERTEMP
4712.0,15.9,12.16,0.5,55.0,7.95,OVERTEMP_OVERLOAD
4714.0,14.91,11.439,0.54,56.9,8.051,SENSOR_FAULT
4716.0,15.5,11.782,0.49,57.6,7.595,OVERTEMP_OVERLOAD
4718.0,15.64,12.038,0.5,56.8,7.82,OVERTEMP
4720.0,14.98,11.593,0.5,55.0,7.49,OVERTEMP
4722.0,16.1,12.308,0.47,55.2,7.567,OVERTEMP_OVERLOAD
4724.0,15.47,11.98,0.51,55.8,7.89,OVERTEMP_OVERLOAD
4726.0,15.38,11.78,0.5,56.8,7.69,OVERTEMP
4728.0,15.87,12.189,0.5,57.1,7.935,OVERTEMP_OVERLOAD
4730.0,15.73,12.146,0.5,55.9,7.865,OVERTEMP
4732.0,15.79,11.931,0.48,57.4,7.579,OVERTEMP
4734.0,15.36,12.04,0.5,56.4,7.68,OVERTEMP
4736.0,14.95,11.567,0.49,53.9,7.325,OVERTEMP
4738.0,15.7,12.22,0.53,56.1,8.321,OVERTEMP_OVERLOAD
4740.0,15.8,12.198,0.49,54.6,7.742,OVERTEMP
4742.0,15.08,11.794,0.52,55.8,7.842,OVERTEMP_OVERLOAD
4744.0,15.43,11.897,0.51,56.2,7.869,OVERTEMP_OVERLOAD
4746.0,15.45,11.772,0.51,55.1,7.88,OVERTEMP
4748.0,16.04,12.539,0.51,56.1,8.18,OVERTEMP_OVERLOAD
4750.0,15.51,11.836,0.52,56.2,8.065,OVERTEMP_OVERLOAD
4752.0,16.25,12.573,0.52,55.9,8.45,OVERTEMP_OVERLOAD
4754.0,15.46,11.802,0.52,53.6,8.039,OVERTEMP
4756.0,15.94,12.098,0.5,56.2,7.97,OVERTEMP
4758.0,16.25,12.432,0.52,55.8,8.45,OVERTEMP_OVERLOAD
4760.0,15.96,12.544,0.54,57.0,8.618,OVERTEMP_OVERLOAD
4762.0,15.28,11.848,0.48,54.8,7.334,OVERTEMP
4764.0,15.66,12.214,0.5,56.8,7.83,OVERTEMP_OVERLOAD
4766.0,15.06,11.586,0.49,56.8,7.379,OVERTEMP_OVERLOAD
4768.0,15.32,11.789,0.52,54.7,7.966,OVERTEMP_OVERLOAD
4770.0,15.72,12.039,0.49,56.8,7.703,OVERTEMP_OVERLOAD
4772.0,16.09,12.461,0.5,56.7,8.045,OVERTEMP_OVERLOAD
4774.0,15.38,11.876,0.46,56.4,7.075,OVERTEMP
4776.0,15.8,12.408,0.5,55.6,7.9,OVERTEMP_OVERLOAD
4778.0,15.08,11.616,0.51,55.4,7.691,OVERTEMP
4780.0,15.49,12.111,0.48,56.6,7.435,OVERTEMP_OVERLOAD
4782.0,15.76,12.199,0.5,55.0,7.88,OVERTEMP
4784.0,16.36,12.49,0.49,55.6,8.016,SENSOR_FAULT
4786.0,15.43,11.802,0.45,56.4,6.944,OVERTEMP_OVERLOAD
4788.0,15.03,11.58,0.51,54.9,7.665,OVERTEMP
4790.0,16.11,12.417,0.47,54.5,7.572,NORMAL
4792.0,16.0,12.377,0.47,56.4,7.52,OVERTEMP
4794.0,14.88,11.478,0.51,56.9,7.589,OVERTEMP
4796.0,16.04,12.278,0.52,56.1,8.341,OVERTEMP
4798.0,15.26,11.744,0.5,56.6,7.63,BORDERLINE_OVERTEMP
4800.0,14.83,11.435,0.51,56.2,7.563,OVERTEMP
4802.0,15.9,12.288,0.5,53.2,7.95,OVERTEMP
4804.0,15.1,11.743,0.47,56.1,7.097,BORDERLINE_OVERTEMP
4806.0,15.42,11.944,0.42,55.5,6.476,OVERTEMP
4808.0,15.96,12.198,0.42,57.0,6.703,OVERTEMP
4810.0,15.73,12.223,0.42,56.2,6.607,OVERTEMP
4812.0,15.17,12.0,0.41,56.2,6.22,OVERTEMP
4814.0,15.3,11.799,0.45,58.0,6.885,OVERTEMP
4816.0,15.5,11.784,0.4,55.9,6.2,OVERTEMP
4818.0,15.57,11.973,0.42,55.4,6.539,OVERTEMP
4820.0,15.0,11.606,0.4,56.3,6.0,OVERTEMP
4822.0,15.52,11.963,0.39,56.5,6.053,OVERTEMP
4824.0,15.71,12.182,0.39,57.1,6.127,OVERTEMP
4826.0,15.67,12.23,0.41,56.4,6.425,OVERTEMP
4828.0,15.81,12.188,0.35,57.3,5.534,OVERTEMP
4830.0,15.58,12.036,0.38,55.7,5.92,OVERTEMP
4832.0,15.39,11.829,0.39,55.9,6.002,OVERTEMP
4834.0,15.28,11.842,0.38,56.2,5.806,OVERTEMP
4836.0,15.24,11.943,0.35,56.6,5.334,OVERTEMP
4838.0,15.24,11.767,0.39,56.3,5.944,OVERTEMP
4840.0,15.46,11.831,0.35,57.0,5.411,OVERTEMP
4842.0,15.33,11.651,0.38,54.1,5.825,OVERTEMP
4844.0,15.59,11.979,0.37,56.5,5.768,OVERTEMP
4846.0,16.49,12.551,0.36,55.8,5.936,OVERTEMP
4848.0,15.64,11.871,0.37,57.2,5.787,OVERTEMP
4850.0,15.51,11.96,0.37,56.6,5.739,OVERTEMP
4852.0,15.79,12.278,0.35,57.6,5.526,OVERTEMP
4854.0,15.13,11.769,0.34,54.9,5.144,OVERTEMP
4856.0,15.15,11.697,0.35,56.5,5.303,OVERTEMP
4858.0,15.69,12.012,0.34,56.6,5.335,OVERTEMP
4860.0,15.49,11.948,0.36,56.1,5.576,OVERTEMP
4862.0,15.34,11.676,0.35,56.0,5.369,OVERTEMP
4864.0,15.44,12.047,0.36,54.7,5.558,OVERTEMP
4866.0,16.05,12.323,0.34,57.4,5.457,OVERTEMP
4868.0,15.75,12.178,0.35,56.9,5.512,OVERTEMP
4870.0,15.31,11.84,0.34,54.5,5.205,OVERTEMP
4872.0,15.8,12.023,0.36,55.9,5.688,OVERTEMP
4874.0,15.36,11.87,0.37,55.5,5.683,OVERTEMP
4876.0,15.22,11.877,0.36,55.5,5.479,OVERTEMP
4878.0,15.87,12.146,0.35,55.9,5.554,OVERTEMP
4880.0,15.1,11.707,0.34,56.2,5.134,OVERTEMP
4882.0,15.65,12.066,0.35,56.9,5.478,OVERTEMP
4884.0,15.85,12.234,0.33,52.0,5.231,OVERTEMP
4886.0,15.1,11.854,0.35,55.7,5.285,OVERTEMP
4888.0,15.74,12.166,0.35,56.8,5.509,OVERTEMP
4890.0,15.44,11.948,0.37,54.9,5.713,OVERTEMP
4892.0,15.06,11.836,0.35,56.2,5.271,OVERTEMP
4894.0,15.05,11.673,0.34,56.8,5.117,OVERTEMP
4896.0,15.66,12.215,0.34,55.4,5.324,OVERTEMP
4898.0,15.58,11.866,0.36,55.9,5.609,OVERTEMP
4900.0,15.93,12.132,0.36,58.3,5.735,OVERTEMP
4902.0,15.89,12.347,0.33,56.2,5.244,OVERTEMP
4904.0,14.87,11.426,0.35,55.4,5.204,OVERTEMP
4906.0,15.74,12.147,0.37,55.9,5.824,OVERTEMP
4908.0,15.64,12.184,0.35,54.9,5.474,OVERTEMP
4910.0,15.7,12.038,0.36,55.2,5.652,OVERTEMP
4912.0,15.54,11.908,0.33,54.3,5.128,OVERTEMP
4914.0,15.78,12.051,0.34,55.0,5.365,OVERTEMP
4916.0,15.44,12.035,0.35,58.2,5.404,OVERTEMP
4918.0,15.96,12.127,0.37,55.0,5.905,OVERTEMP
4920.0,15.21,11.6,0.37,55.4,5.628,OVERTEMP
4922.0,15.45,11.946,0.35,56.3,5.407,OVERTEMP
4924.0,15.31,11.799,0.36,55.4,5.512,OVERTEMP
4926.0,15.84,12.265,0.34,55.4,5.386,OVERTEMP
4928.0,15.3,12.053,0.35,56.6,5.355,OVERTEMP
4930.0,15.81,12.041,0.36,56.5,5.692,OVERTEMP
4932.0,15.64,12.065,0.35,56.3,5.474,OVERTEMP
4934.0,15.73,11.966,0.35,56.1,5.505,OVERTEMP
4936.0,15.49,11.942,0.37,56.3,5.731,OVERTEMP
4938.0,16.27,12.71,0.33,54.9,5.369,OVERTEMP
4940.0,15.62,12.091,0.35,54.8,5.467,OVERTEMP
4942.0,15.79,12.116,0.34,55.9,5.369,OVERTEMP
4944.0,15.69,12.197,0.34,57.3,5.335,OVERTEMP
4946.0,15.47,11.838,0.35,55.9,5.415,OVERTEMP
4948.0,15.44,12.022,0.35,57.6,5.404,BORDERLINE_OVERTEMP
4950.0,15.93,12.251,0.35,54.9,5.575,OVERTEMP
4952.0,15.94,12.548,0.33,56.6,5.26,OVERTEMP
4954.0,15.97,12.403,0.37,56.2,5.909,OVERTEMP
4956.0,15.35,11.88,0.36,56.7,5.526,OVERTEMP
4958.0,16.06,12.36,0.34,55.8,5.46,OVERTEMP
4960.0,15.24,11.891,0.35,54.3,5.334,OVERTEMP
4962.0,15.62,12.009,0.34,55.2,5.311,OVERTEMP
4964.0,15.84,12.089,0.36,55.3,5.702,OVERTEMP
4966.0,15.83,12.2,0.34,56.1,5.382,OVERTEMP
4968.0,15.71,11.869,0.36,54.7,5.656,OVERTEMP
4970.0,15.4,12.099,0.37,58.0,5.698,OVERTEMP
4972.0,15.53,11.9,0.33,53.6,5.125,OVERTEMP
4974.0,15.53,12.0,0.37,56.9,5.746,OVERTEMP
4976.0,15.29,11.886,0.34,56.3,5.199,OVERTEMP
4978.0,15.74,12.173,0.34,56.7,5.352,OVERTEMP
4980.0,15.22,11.726,0.34,56.7,5.175,OVERTEMP
4982.0,16.16,12.417,0.36,55.5,5.818,OVERTEMP
4984.0,15.62,12.121,0.34,55.1,5.311,OVERTEMP
4986.0,15.9,12.169,0.36,57.5,5.724,OVERTEMP
4988.0,16.19,12.221,0.34,55.0,5.505,OVERTEMP
4990.0,15.44,11.939,0.34,56.5,5.25,OVERTEMP
4992.0,15.18,11.517,0.34,55.6,5.161,OVERTEMP
4994.0,15.26,11.805,0.34,57.4,5.188,OVERTEMP
4996.0,15.83,12.344,0.33,57.2,5.224,OVERTEMP
4998.0,14.9,11.602,0.34,56.5,5.066,OVERTEMP
5000.0,15.36,11.866,0.35,55.4,5.376,OVERTEMP
5002.0,16.02,12.223,0.34,57.0,5.447,OVERTEMP
5004.0,15.3,11.911,0.36,56.9,5.508,OVERTEMP
5006.0,15.14,11.702,0.34,56.8,5.148,OVERTEMP
5008.0,15.22,11.965,0.36,55.3,5.479,OVERTEMP
5010.0,16.14,12.413,0.36,57.4,5.81,OVERTEMP
5012.0,15.87,12.182,0.37,56.2,5.872,OVERTEMP
5014.0,15.0,11.708,0.35,56.8,5.25,OVERTEMP
5016.0,15.78,12.09,0.34,54.0,5.365,OVERTEMP
5018.0,15.49,12.182,0.35,56.6,5.421,BORDERLINE_OVERTEMP
5020.0,15.64,12.066,0.35,55.7,5.474,OVERTEMP
5022.0,15.31,11.842,0.35,56.5,5.359,OVERTEMP
5024.0,15.76,12.213,0.36,54.2,5.674,OVERTEMP
5026.0,15.36,11.904,0.34,54.9,5.222,OVERTEMP
5028.0,15.52,11.794,0.33,56.5,5.122,OVERTEMP
5030.0,15.65,12.273,0.35,56.9,5.478,OVERTEMP
5032.0,15.12,11.734,0.35,55.7,5.292,OVERTEMP
5034.0,15.68,11.944,0.35,55.6,5.488,OVERTEMP
5036.0,15.95,12.232,0.212,56.9,3.388,OVERTEMP
5038.0,15.37,11.737,0.34,56.4,5.226,OVERTEMP
5040.0,16.25,12.678,0.33,56.3,5.362,OVERTEMP
5042.0,15.81,12.003,0.35,55.0,5.534,OVERTEMP
5044.0,15.87,12.074,0.37,55.6,5.872,OVERTEMP
5046.0,14.74,11.597,0.34,55.9,5.012,OVERTEMP
5048.0,15.84,12.121,0.35,55.6,5.544,OVERTEMP
5050.0,16.09,12.286,0.35,53.9,5.631,OVERTEMP
5052.0,15.3,11.798,0.34,56.6,5.202,OVERTEMP
5054.0,15.57,12.225,0.37,55.3,5.761,OVERTEMP
5056.0,15.36,11.868,0.35,55.7,5.376,OVERTEMP
5058.0,15.76,12.0,0.36,55.2,5.674,OVERVOLTAGE
5060.0,16.48,12.442,0.34,56.7,5.603,OVERTEMP
5062.0,15.5,11.627,0.35,56.5,5.425,OVERTEMP
5064.0,15.66,11.94,0.33,56.3,5.168,OVERTEMP
5066.0,15.3,11.754,0.35,54.9,5.355,OVERTEMP
5068.0,15.18,11.574,0.33,57.0,5.009,OVERTEMP
5070.0,15.54,11.881,0.36,55.4,5.594,OVERTEMP
5072.0,15.68,12.061,0.36,54.8,5.645,OVERTEMP
5074.0,14.99,11.492,0.34,56.0,5.097,OVERTEMP
5076.0,15.44,12.035,0.33,56.1,5.095,OVERTEMP
5078.0,15.21,11.889,0.34,56.5,5.171,OVERTEMP
5080.0,15.08,11.643,0.35,56.3,5.278,OVERTEMP
5082.0,14.73,11.421,0.36,57.5,5.303,OVERTEMP
5084.0,15.24,11.875,0.34,57.8,5.182,OVERTEMP
5086.0,15.82,12.154,0.35,55.3,5.537,OVERTEMP
5088.0,15.57,12.136,0.36,57.5,5.605,OVERTEMP
5090.0,15.1,11.741,0.35,56.7,5.285,OVERTEMP
5092.0,15.38,11.739,0.39,54.7,5.998,OVERTEMP
5094.0,15.68,12.047,0.38,55.2,5.958,OVERTEMP
5096.0,15.98,12.361,0.35,55.7,5.593,OVERTEMP
5098.0,15.7,12.13,0.36,57.3,5.652,OVERTEMP
5100.0,15.7,12.1,0.35,56.5,5.495,OVERTEMP
5102.0,15.6,11.841,0.37,57.5,5.772,OVERTEMP
5104.0,15.6,12.071,0.34,55.7,5.304,OVERTEMP
5106.0,15.83,12.068,0.35,54.1,5.54,OVERTEMP
5108.0,15.91,12.306,0.31,57.2,4.932,OVERTEMP
5110.0,16.06,12.401,0.35,53.9,5.621,OVERTEMP
5112.0,16.05,12.352,0.36,55.3,5.778,OVERTEMP
5114.0,15.41,11.746,0.34,57.0,5.239,OVERTEMP
5116.0,15.29,11.821,0.34,54.5,5.199,OVERTEMP
5118.0,16.01,12.416,0.35,54.5,5.604,OVERTEMP
5120.0,16.19,12.504,0.34,55.5,5.505,OVERTEMP
5122.0,16.17,12.504,0.34,54.7,5.498,OVERTEMP
5124.0,15.88,12.342,0.35,55.4,5.558,OVERTEMP
5126.0,15.79,11.993,0.34,56.0,5.369,OVERTEMP
5128.0,15.84,12.188,0.35,55.6,5.544,OVERTEMP
5130.0,15.61,12.011,0.36,56.6,5.62,OVERTEMP
5132.0,15.87,12.198,0.36,55.6,5.713,OVERTEMP
5134.0,15.55,11.94,0.36,55.6,5.598,OVERTEMP
5136.0,16.29,12.582,0.36,55.2,5.864,OVERTEMP
5138.0,15.64,12.194,0.36,56.1,5.63,OVERTEMP
5140.0,15.72,12.136,0.35,57.1,5.502,OVERTEMP
5142.0,15.64,12.052,0.35,55.9,5.474,OVERTEMP
5144.0,15.39,11.709,0.34,55.0,5.233,OVERTEMP
5146.0,15.29,11.771,0.35,56.1,5.351,OVERTEMP
5148.0,14.77,11.487,0.37,57.1,5.465,OVERTEMP
5150.0,16.27,12.376,0.34,57.9,5.532,OVERTEMP
5152.0,15.68,12.126,0.33,56.0,5.174,OVERTEMP
5154.0,15.55,11.925,0.36,56.1,5.598,OVERTEMP
5156.0,15.4,11.99,0.36,55.3,5.544,OVERTEMP
5158.0,16.03,12.581,0.33,57.1,5.29,OVERTEMP
5160.0,15.69,12.053,0.36,57.0,5.648,OVERLOAD
5162.0,15.66,12.125,0.33,56.1,5.168,OVERTEMP
5164.0,15.78,12.085,0.36,55.2,5.681,OVERTEMP
5166.0,17.069,13.052,0.35,56.2,5.974,OVERTEMP
5168.0,15.31,11.684,0.37,55.5,5.665,OVERTEMP
5170.0,15.44,11.794,0.32,55.3,4.941,OVERTEMP
5172.0,15.82,12.349,0.34,56.9,5.379,OVERTEMP
5174.0,15.87,12.027,0.35,56.1,5.554,OVERTEMP
5176.0,15.55,12.296,0.34,56.7,5.287,OVERTEMP
5178.0,15.78,12.165,0.32,55.6,5.05,OVERTEMP
5180.0,15.63,11.894,0.34,56.2,5.314,OVERTEMP
5182.0,15.27,11.853,0.36,55.0,5.497,OVERTEMP
5184.0,15.12,11.657,0.37,55.2,5.594,OVERTEMP
5186.0,15.72,12.177,0.34,56.1,5.345,OVERTEMP
5188.0,15.94,12.245,0.36,55.8,5.738,OVERTEMP
5190.0,16.42,12.615,0.36,55.1,5.911,OVERTEMP
5192.0,15.48,11.889,0.35,54.8,5.418,OVERTEMP
5194.0,16.24,12.627,0.36,53.5,5.846,OVERTEMP
5196.0,15.98,12.186,0.35,56.7,5.593,OVERTEMP
5198.0,15.43,11.68,0.37,55.7,5.709,OVERTEMP
5200.0,15.58,12.01,0.35,57.2,5.453,OVERTEMP
5202.0,15.45,11.827,0.36,56.1,5.562,OVERTEMP
5204.0,16.01,12.334,0.35,56.0,5.604,OVERTEMP
5206.0,15.22,11.731,0.34,56.0,5.175,OVERTEMP
5208.0,16.05,12.342,0.35,56.9,5.617,OVERTEMP
5210.0,15.97,12.283,0.36,56.0,5.749,OVERTEMP
5212.0,15.26,11.723,0.36,56.0,5.494,OVERTEMP
5214.0,15.99,12.425,0.33,55.6,5.277,OVERTEMP
5216.0,15.71,12.122,0.35,56.3,5.498,OVERTEMP
5218.0,15.07,11.571,0.35,57.6,5.274,OVERTEMP
5220.0,15.49,11.875,0.34,55.9,5.267,OVERTEMP
5222.0,15.77,12.015,0.35,56.8,5.519,OVERTEMP
5224.0,15.48,11.843,0.35,56.5,5.418,OVERTEMP
5226.0,15.92,12.189,0.37,55.0,5.89,OVERTEMP
5228.0,15.41,12.088,0.38,55.6,5.856,OVERTEMP
5230.0,15.16,11.612,0.34,55.3,5.154,OVERTEMP
5232.0,15.51,12.098,0.34,55.2,5.273,OVERTEMP
5234.0,16.03,12.338,0.36,56.5,5.771,OVERTEMP
5236.0,15.43,11.763,0.34,56.4,5.246,OVERTEMP
5238.0,15.25,11.821,0.37,57.9,5.643,OVERTEMP
5240.0,15.99,12.374,0.35,54.7,5.596,OVERTEMP
5242.0,15.8,12.281,0.35,55.8,5.53,OVERTEMP
5244.0,15.25,11.785,0.34,55.0,5.185,OVERTEMP
5246.0,15.22,11.723,0.34,55.3,5.175,OVERTEMP
5248.0,15.08,11.671,0.35,57.3,5.278,OVERTEMP
5250.0,16.14,12.414,0.37,56.8,5.972,OVERTEMP
5252.0,15.61,11.803,0.36,55.6,5.62,OVERTEMP
5254.0,15.77,12.143,0.34,55.0,5.362,OVERTEMP
5256.0,15.57,12.117,0.33,56.2,5.138,OVERTEMP
5258.0,15.2,11.988,0.37,54.4,5.624,OVERTEMP
5260.0,15.46,11.916,0.35,54.1,5.411,OVERTEMP
5262.0,15.68,11.965,0.35,55.4,5.488,OVERTEMP
5264.0,16.0,12.241,0.35,57.6,5.6,OVERTEMP
5266.0,15.45,11.772,0.36,54.4,5.562,OVERTEMP
5268.0,15.99,12.528,0.33,54.2,5.277,OVERTEMP
5270.0,15.11,11.348,0.35,56.1,5.288,OVERTEMP
5272.0,15.51,12.067,0.36,56.4,5.584,OVERTEMP
5274.0,15.46,11.755,0.36,55.3,5.566,OVERTEMP
5276.0,15.14,11.52,0.33,57.0,4.996,OVERTEMP
5278.0,15.7,12.258,0.35,55.9,5.495,OVERTEMP
5280.0,15.45,11.898,0.36,56.0,5.562,OVERTEMP
5282.0,16.41,12.678,0.33,57.3,5.415,OVERTEMP
5284.0,15.43,11.84,0.37,54.1,5.709,OVERTEMP
5286.0,15.18,11.776,0.36,54.9,5.465,OVERTEMP
5288.0,15.53,11.941,0.34,56.4,5.28,OVERTEMP
5290.0,15.22,11.493,0.39,55.5,5.936,OVERTEMP
5292.0,15.3,11.848,0.33,56.8,5.049,OVERTEMP
5294.0,15.74,12.077,0.35,55.7,5.509,OVERTEMP
5296.0,15.57,12.061,0.36,56.3,5.605,OVERTEMP
5298.0,15.78,12.194,0.36,56.3,5.681,OVERTEMP
5300.0,16.02,12.174,0.34,55.1,5.447,OVERTEMP
5302.0,15.66,12.052,0.33,56.5,5.168,OVERTEMP
5304.0,16.0,12.444,0.34,55.8,5.44,OVERTEMP
5306.0,16.09,12.406,0.34,56.2,5.471,OVERTEMP
5308.0,15.73,11.886,0.35,57.3,5.505,OVERTEMP
5310.0,15.45,12.078,0.36,56.5,5.562,OVERTEMP
5312.0,16.02,12.232,0.35,57.3,5.607,OVERTEMP
5314.0,15.93,12.269,0.37,57.2,5.894,OVERTEMP
5316.0,15.48,11.805,0.33,56.3,5.108,OVERTEMP
5318.0,15.32,11.821,0.33,55.5,5.056,OVERTEMP
5320.0,15.7,12.068,0.34,57.1,5.338,OVERTEMP
5322.0,15.32,11.864,0.35,58.0,5.362,OVERTEMP
5324.0,15.47,11.959,0.33,55.8,5.105,OVERTEMP
5326.0,15.46,12.097,0.33,55.1,5.102,OVERTEMP
5328.0,16.1,12.23,0.34,56.7,5.474,OVERTEMP
5330.0,16.09,12.157,0.35,57.0,5.631,OVERTEMP
5332.0,15.84,12.304,0.35,56.9,5.544,OVERTEMP
5334.0,15.62,12.03,0.34,56.8,5.311,OVERTEMP
5336.0,15.29,11.743,0.34,54.5,5.199,OVERTEMP
5338.0,15.99,12.397,0.35,55.5,5.596,OVERTEMP
5340.0,15.31,11.91,0.35,55.8,5.359,OVERTEMP
5342.0,15.05,11.603,0.34,54.3,5.117,OVERTEMP
5344.0,16.03,12.434,0.34,55.5,5.45,OVERTEMP
5346.0,15.98,12.159,0.35,56.7,5.593,OVERTEMP
5348.0,16.08,12.104,0.38,56.5,6.11,OVERTEMP
5350.0,15.4,12.032,0.36,55.6,5.544,OVERTEMP
5352.0,15.81,12.062,0.34,56.0,5.375,OVERTEMP
5354.0,15.54,12.234,0.34,57.2,5.284,OVERTEMP
5356.0,15.1,11.492,0.32,55.8,4.832,OVERTEMP
5358.0,15.62,12.061,0.36,57.5,5.623,OVERTEMP
5360.0,15.53,11.982,0.32,56.0,4.97,OVERTEMP
5362.0,15.82,11.998,0.34,55.6,5.379,OVERTEMP
5364.0,14.8,11.495,0.34,54.4,5.032,OVERTEMP
5366.0,15.42,11.511,0.34,55.0,5.243,OVERTEMP
5368.0,16.13,12.217,0.34,55.6,5.484,OVERTEMP
5370.0,15.94,12.215,0.35,55.2,5.579,OVERTEMP
5372.0,16.19,12.323,0.35,55.8,5.667,OVERTEMP
5374.0,14.94,11.683,0.35,56.3,5.229,OVERTEMP
5376.0,14.81,11.464,0.34,55.4,5.035,OVERTEMP
5378.0,15.55,11.879,0.35,56.4,5.442,OVERTEMP
5380.0,15.93,12.452,0.36,55.7,5.735,OVERTEMP
5382.0,16.15,12.608,0.36,53.0,5.814,OVERTEMP
5384.0,15.88,12.414,0.38,57.2,6.034,OVERTEMP
5386.0,15.91,12.268,0.37,58.0,5.887,OVERTEMP
5388.0,15.05,11.642,0.35,56.4,5.268,OVERTEMP
5390.0,15.16,11.806,0.33,55.3,5.003,OVERTEMP
5392.0,16.15,12.402,0.36,57.1,5.814,OVERTEMP
5394.0,14.99,11.534,0.34,55.7,5.097,OVERTEMP
5396.0,15.62,12.003,0.36,56.9,5.623,OVERTEMP
5398.0,14.93,11.69,0.34,56.0,5.076,OVERTEMP
5400.0,15.47,11.936,0.34,54.4,5.26,NORMAL
5402.0,15.82,12.177,0.33,52.2,5.221,BORDERLINE_OVERTEMP
5404.0,15.45,11.944,0.33,50.7,5.098,NORMAL
5406.0,15.58,11.968,0.32,49.5,4.986,BORDERLINE_OVERTEMP
5408.0,15.62,12.242,0.31,48.6,4.842,NORMAL
5410.0,15.37,11.904,0.3,46.7,4.611,NORMAL
5412.0,15.34,11.872,0.3,46.4,4.602,NORMAL
5414.0,15.47,11.965,0.29,46.5,4.486,BORDERLINE_OVERVOLTAGE
5416.0,15.47,11.903,0.29,45.9,4.486,NORMAL
5418.0,15.44,11.839,0.28,44.0,4.323,NORMAL
5420.0,15.3,11.88,0.27,43.2,4.131,NORMAL
5422.0,15.51,12.114,0.28,43.7,4.343,NORMAL
5424.0,15.53,12.056,0.27,42.1,4.193,NORMAL
5426.0,15.55,11.895,0.27,41.7,4.199,NORMAL
5428.0,15.67,12.008,0.26,42.2,4.074,NORMAL
5430.0,15.56,11.955,0.26,41.3,4.046,NORMAL
5432.0,15.59,11.92,0.28,41.1,4.365,NORMAL
5434.0,15.43,11.936,0.27,41.3,4.166,NORMAL
5436.0,15.76,11.899,0.27,41.1,4.255,NORMAL
5438.0,15.76,12.028,0.27,39.5,4.255,NORMAL
5440.0,15.4,11.91,0.26,39.7,4.004,NORMAL
5442.0,15.8,12.061,0.27,39.4,4.266,NORMAL
5444.0,15.91,12.3,0.26,39.6,4.137,NORMAL
5446.0,15.59,12.048,0.26,39.3,4.053,NORMAL
5448.0,15.25,11.731,0.25,39.0,3.812,NORMAL
5450.0,15.38,11.932,0.25,38.5,3.845,NORMAL
5452.0,15.58,12.049,0.24,38.7,3.739,NORMAL
5454.0,15.47,11.972,0.25,38.9,3.868,NORMAL
5456.0,15.26,11.78,0.26,38.5,3.968,NORMAL
5458.0,15.59,11.981,0.25,38.3,3.897,NORMAL
5460.0,15.98,12.259,0.25,39.5,3.995,NORMAL
5462.0,15.61,11.969,0.25,38.3,3.902,NORMAL
5464.0,15.36,12.072,0.25,38.4,3.84,NORMAL
5466.0,15.33,11.705,0.25,38.6,3.833,NORMAL
5468.0,15.76,12.216,0.25,37.3,3.94,NORMAL
5470.0,15.34,11.798,0.25,38.7,3.835,NORMAL
5472.0,15.81,12.268,0.26,38.1,4.111,NORMAL
5474.0,15.42,12.017,0.27,38.0,4.163,NORMAL
5476.0,15.8,12.146,0.25,38.0,3.95,NORMAL
5478.0,15.1,11.685,0.25,38.4,3.775,NORMAL
5480.0,14.9,11.561,0.24,37.9,3.576,SENSOR_FAULT
5482.0,15.67,11.948,0.25,38.5,3.917,NORMAL
5484.0,15.74,12.1,0.25,38.4,3.935,NORMAL
5486.0,16.03,12.357,0.25,37.7,4.008,NORMAL
5488.0,15.78,12.196,0.25,38.7,3.945,NORMAL
5490.0,15.05,11.696,0.25,38.0,3.763,NORMAL
5492.0,15.82,12.156,0.25,38.9,3.955,NORMAL
5494.0,15.75,12.223,0.26,38.1,4.095,NORMAL
5496.0,15.46,11.952,0.25,37.5,3.865,NORMAL
5498.0,15.68,12.045,0.26,38.5,4.077,NORMAL
5500.0,15.32,11.914,0.25,38.6,3.83,NORMAL
5502.0,15.85,12.11,0.25,37.9,3.962,NORMAL
5504.0,15.59,12.0,0.25,38.2,3.897,NORMAL
5506.0,15.57,12.011,0.25,38.5,3.893,NORMAL
5508.0,15.56,12.151,0.25,37.4,3.89,NORMAL
5510.0,15.73,12.226,0.24,38.4,3.775,NORMAL
5512.0,15.63,11.873,0.26,38.1,4.064,NORMAL
5514.0,15.69,12.156,0.25,37.8,3.922,NORMAL
5516.0,15.21,11.631,0.26,37.6,3.955,NORMAL
5518.0,19.084,14.379,0.25,38.1,4.771,NORMAL
5520.0,15.48,12.066,0.24,37.9,3.715,NORMAL
5522.0,15.6,11.952,0.26,38.7,4.056,NORMAL
5524.0,15.56,11.794,0.26,38.7,4.046,NORMAL
5526.0,15.69,11.996,0.25,38.4,3.922,NORMAL
5528.0,15.4,11.978,0.25,37.8,3.85,NORMAL
5530.0,15.32,11.944,0.25,37.2,3.83,NORMAL
5532.0,15.9,12.29,0.25,37.9,3.975,NORMAL
5534.0,15.95,12.072,0.25,37.7,3.987,NORMAL
5536.0,15.34,11.862,0.25,37.7,3.835,NORMAL
5538.0,15.47,12.117,0.24,37.5,3.713,NORMAL
5540.0,15.81,12.119,0.26,38.3,4.111,NORMAL
5542.0,15.91,12.237,0.25,38.1,3.978,NORMAL
5544.0,14.91,11.573,0.26,38.2,3.877,NORMAL
5546.0,15.59,12.09,0.25,37.7,3.897,NORMAL
5548.0,15.29,11.78,0.25,38.3,3.822,NORMAL
5550.0,15.69,12.115,0.24,37.6,3.766,NORMAL
5552.0,15.76,12.07,0.24,38.2,3.782,NORMAL
5554.0,15.55,12.103,0.24,37.6,3.732,NORMAL
5556.0,15.61,12.089,0.25,38.0,3.902,NORMAL
5558.0,15.7,12.211,0.25,38.5,3.925,NORMAL
5560.0,15.7,12.131,0.25,38.3,3.925,NORMAL
5562.0,15.85,12.067,0.26,37.5,4.121,NORMAL
5564.0,15.44,11.956,0.26,37.3,4.014,NORMAL
5566.0,15.68,11.917,0.26,38.1,4.077,NORMAL
5568.0,15.38,11.845,0.24,37.8,3.691,NORMAL
5570.0,15.33,11.991,0.26,37.4,3.986,NORMAL
5572.0,15.88,12.263,0.26,37.7,4.129,NORMAL
5574.0,15.3,11.762,0.26,38.0,3.978,NORMAL
5576.0,15.31,11.949,0.23,37.5,3.521,NORMAL
5578.0,15.51,12.175,0.25,38.3,3.877,NORMAL
5580.0,15.91,12.531,0.24,37.1,3.818,NORMAL
5582.0,16.13,12.517,0.25,37.4,4.032,NORMAL
5584.0,15.57,12.042,0.25,38.4,3.893,NORMAL
5586.0,15.32,11.885,0.25,38.3,3.83,NORMAL
5588.0,15.66,12.087,0.26,37.8,4.072,NORMAL
5590.0,14.81,11.419,0.25,38.3,3.703,NORMAL
5592.0,15.49,12.01,0.24,38.5,3.718,NORMAL
5594.0,15.79,12.123,0.24,37.9,3.79,NORMAL
5596.0,15.53,12.075,0.25,37.8,3.882,NORMAL
5598.0,15.15,11.699,0.26,38.2,3.939,NORMAL
5600.0,15.81,12.156,0.24,37.7,3.794,NORMAL
5602.0,15.92,12.177,0.25,38.2,3.98,NORMAL
5604.0,15.71,12.091,0.26,38.5,4.085,NORMAL
5606.0,15.76,12.271,0.25,38.2,3.94,NORMAL
5608.0,15.86,12.16,0.25,38.3,3.965,NORMAL
5610.0,15.38,11.67,0.25,38.0,3.845,NORMAL
5612.0,15.8,12.347,0.23,39.2,3.634,NORMAL
5614.0,15.54,11.91,0.25,38.1,3.885,NORMAL
5616.0,15.65,12.08,0.25,38.0,3.913,NORMAL
5618.0,15.29,11.819,0.25,38.1,3.822,NORMAL
5620.0,15.55,12.015,0.26,37.8,4.043,NORMAL
5622.0,15.9,12.223,0.25,38.1,3.975,NORMAL
5624.0,15.89,12.215,0.25,38.6,3.973,NORMAL
5626.0,15.4,11.955,0.25,37.9,3.85,NORMAL
5628.0,14.96,11.447,0.25,37.8,3.74,NORMAL
5630.0,15.47,11.768,0.25,38.0,3.868,NORMAL
5632.0,15.67,12.17,0.26,38.1,4.074,NORMAL
5634.0,15.86,12.146,0.26,38.9,4.124,NORMAL
5636.0,15.43,11.995,0.25,38.3,3.857,NORMAL
5638.0,16.04,12.213,0.25,38.2,4.01,NORMAL
5640.0,16.1,12.333,0.25,37.9,4.025,NORMAL
5642.0,15.45,11.754,0.25,37.8,3.862,NORMAL
5644.0,15.42,12.005,0.26,38.3,4.009,NORMAL
5646.0,15.88,12.07,0.26,37.2,4.129,NORMAL
5648.0,15.41,11.835,0.25,37.9,3.853,NORMAL
5650.0,15.65,11.796,0.25,37.7,3.913,NORMAL
5652.0,15.37,11.726,0.25,37.9,3.842,NORMAL
5654.0,15.49,11.817,0.24,37.9,3.718,NORMAL
5656.0,15.4,11.778,0.24,37.9,3.696,NORMAL
5658.0,15.81,12.074,0.25,38.0,3.953,NORMAL
5660.0,15.69,12.28,0.25,38.1,3.922,NORMAL
5662.0,15.71,12.182,0.26,38.1,4.085,NORMAL
5664.0,15.41,11.929,0.25,38.2,3.853,NORMAL
5666.0,15.72,11.99,0.26,37.4,4.087,NORMAL
5668.0,15.65,12.12,0.25,39.5,3.913,NORMAL
5670.0,15.58,12.012,0.25,37.8,3.895,NORMAL
5672.0,15.63,12.206,0.25,37.9,3.908,NORMAL
5674.0,15.92,12.315,0.25,37.4,3.98,NORMAL
5676.0,15.96,12.452,0.26,38.3,4.15,NORMAL
5678.0,15.61,12.065,0.25,37.7,3.902,NORMAL
5680.0,15.91,12.254,0.25,37.6,3.978,NORMAL
5682.0,15.55,12.193,0.25,37.8,3.888,NORMAL
5684.0,15.3,11.598,0.26,37.7,3.978,NORMAL
5686.0,15.66,11.862,0.25,37.5,3.915,NORMAL
5688.0,15.6,12.029,0.26,38.3,4.056,NORMAL
5690.0,15.71,11.928,0.25,37.3,3.928,OVERLOAD
5692.0,15.55,12.078,0.25,38.4,3.888,NORMAL
5694.0,15.74,12.172,0.25,37.4,3.935,NORMAL
5696.0,15.72,12.024,0.24,37.6,3.773,NORMAL
5698.0,15.63,12.018,0.24,38.0,3.751,NORMAL
5700.0,15.56,11.865,0.25,37.7,3.89,NORMAL
5702.0,15.69,12.27,0.25,37.6,3.922,NORMAL
5704.0,15.53,11.73,0.26,37.7,4.038,NORMAL
5706.0,15.69,12.009,0.25,38.0,3.922,NORMAL
5708.0,15.59,12.117,0.25,37.9,3.897,NORMAL
5710.0,15.64,12.01,0.25,37.9,3.91,NORMAL
5712.0,15.33,11.762,0.25,36.5,3.833,NORMAL
5714.0,15.58,12.05,0.25,37.9,3.895,NORMAL
5716.0,15.09,11.521,0.25,37.2,3.772,NORMAL
5718.0,15.56,11.997,0.26,38.2,4.046,NORMAL
5720.0,15.6,12.074,0.25,37.8,3.9,NORMAL
5722.0,15.28,11.894,0.25,37.8,3.82,NORMAL
5724.0,15.82,12.074,0.24,37.7,3.797,NORMAL
5726.0,15.18,11.797,0.24,39.1,3.643,NORMAL
5728.0,16.05,12.294,0.26,37.7,4.173,NORMAL
5730.0,15.74,11.939,0.25,37.7,3.935,NORMAL
5732.0,16.37,12.581,0.25,37.9,4.093,NORMAL
5734.0,15.54,11.965,0.25,38.6,3.885,NORMAL
5736.0,15.33,12.0,0.25,37.8,3.833,NORMAL
5738.0,15.87,12.064,0.25,37.4,3.967,NORMAL
5740.0,15.6,11.965,0.25,37.8,3.9,NORMAL
5742.0,15.46,11.792,0.25,36.9,3.865,NORMAL
5744.0,15.45,11.938,0.26,37.6,4.017,NORMAL
5746.0,15.65,12.051,0.26,38.6,4.069,NORMAL
5748.0,15.49,11.893,0.25,37.9,3.873,NORMAL
5750.0,15.73,12.267,0.25,38.3,3.933,NORMAL
5752.0,16.04,12.29,0.25,38.5,4.01,NORMAL
5754.0,15.88,12.232,0.26,38.5,4.129,NORMAL
5756.0,15.44,12.092,0.24,38.0,3.706,NORMAL
5758.0,15.53,11.939,0.25,38.4,3.882,NORMAL
5760.0,15.91,12.13,0.23,37.4,3.659,NORMAL
5762.0,15.41,11.935,0.25,38.1,3.853,NORMAL
5764.0,15.74,12.17,0.24,37.4,3.778,NORMAL
5766.0,15.45,12.083,0.24,38.4,3.708,NORMAL
5768.0,15.96,12.445,0.25,38.3,3.99,NORMAL
5770.0,15.45,12.025,0.26,38.1,4.017,NORMAL
5772.0,15.64,11.872,0.26,38.1,4.066,NORMAL
5774.0,15.94,12.252,0.24,38.6,3.826,NORMAL
5776.0,15.88,12.283,0.26,38.2,4.129,NORMAL
5778.0,15.7,11.958,0.24,38.1,3.768,NORMAL
5780.0,15.64,12.244,0.24,37.5,3.754,NORMAL
5782.0,15.85,12.169,0.25,38.1,3.962,NORMAL
5784.0,15.73,12.084,0.25,38.5,3.933,NORMAL
5786.0,15.5,11.991,0.25,37.7,3.875,NORMAL
5788.0,15.47,11.845,0.25,38.6,3.868,NORMAL
5790.0,15.57,12.057,0.25,37.8,3.893,OVERLOAD
5792.0,15.73,12.0,0.26,37.7,4.09,NORMAL
5794.0,15.53,11.834,0.24,38.3,3.727,NORMAL
5796.0,16.15,12.519,0.26,38.0,4.199,NORMAL
5798.0,15.22,11.74,0.27,37.7,4.109,NORMAL
5800.0,15.17,11.73,0.25,37.5,3.792,NORMAL
5802.0,15.47,11.958,0.24,37.6,3.713,NORMAL
5804.0,15.3,12.118,0.25,38.3,3.825,NORMAL
5806.0,15.71,12.104,0.24,37.8,3.77,NORMAL
5808.0,15.52,12.075,0.26,38.1,4.035,NORMAL
5810.0,15.53,11.857,0.26,37.9,4.038,NORMAL
5812.0,16.11,12.306,0.24,37.7,3.866,NORMAL
5814.0,16.19,12.399,0.26,38.7,4.209,NORMAL
5816.0,16.17,12.448,0.25,38.4,4.043,NORMAL
5818.0,15.59,12.089,0.25,37.9,3.897,NORMAL
5820.0,15.69,11.728,0.25,38.7,3.922,NORMAL
5822.0,15.72,12.1,0.25,38.5,3.93,NORMAL
5824.0,15.65,12.022,0.26,38.7,4.069,NORMAL
5826.0,15.66,11.982,0.26,37.0,4.072,NORMAL
5828.0,15.94,12.208,0.26,38.2,4.144,NORMAL
5830.0,15.39,11.799,0.25,38.7,3.848,NORMAL
5832.0,15.62,11.972,0.25,38.4,3.905,NORMAL
5834.0,15.58,12.009,0.24,37.3,3.739,NORMAL
5836.0,15.29,11.709,0.26,37.1,3.975,NORMAL
5838.0,15.6,11.907,0.25,37.5,3.9,NORMAL
5840.0,15.37,11.869,0.25,38.9,3.842,NORMAL
5842.0,15.88,11.878,0.25,38.5,3.97,NORMAL
5844.0,15.53,12.184,0.26,37.7,4.038,NORMAL
5846.0,15.95,12.146,0.25,37.8,3.987,NORMAL
5848.0,15.45,11.743,0.24,38.2,3.708,NORMAL
5850.0,15.74,12.31,0.25,37.2,3.935,NORMAL
5852.0,15.72,12.183,0.25,37.7,3.93,NORMAL
5854.0,15.86,12.212,0.25,38.9,3.965,NORMAL
5856.0,15.87,12.009,0.25,38.3,3.967,NORMAL
5858.0,15.69,12.297,0.25,37.6,3.922,NORMAL
5860.0,15.55,11.831,0.24,37.8,3.732,NORMAL
5862.0,15.94,12.429,0.25,38.2,3.985,NORMAL
5864.0,15.48,12.23,0.25,37.5,3.87,NORMAL
5866.0,15.82,12.164,0.25,37.6,3.955,NORMAL
5868.0,15.52,11.982,0.26,37.4,4.035,NORMAL
5870.0,15.6,12.009,0.25,38.0,3.9,NORMAL
5872.0,15.8,11.795,0.25,38.2,3.95,NORMAL
5874.0,15.75,12.308,0.24,38.3,3.78,NORMAL
5876.0,15.53,12.121,0.25,37.7,3.882,NORMAL
5878.0,15.84,12.222,0.26,38.2,4.118,NORMAL
5880.0,15.89,12.238,0.26,37.2,4.131,NORMAL
5882.0,15.91,12.115,0.25,37.9,3.978,NORMAL
5884.0,15.98,12.381,0.24,37.1,3.835,NORMAL
5886.0,16.16,12.336,0.25,38.6,4.04,NORMAL
5888.0,15.71,11.999,0.25,37.8,3.928,NORMAL
5890.0,16.07,12.301,0.25,37.2,4.018,NORMAL
5892.0,15.85,12.335,0.25,37.7,3.962,NORMAL
5894.0,16.54,12.878,0.25,37.3,4.135,OVERLOAD
5896.0,16.56,12.631,0.25,38.6,4.14,NORMAL
5898.0,15.74,11.941,0.25,38.8,3.935,NORMAL
5900.0,16.22,12.406,0.25,37.8,4.055,NORMAL
5902.0,16.25,12.509,0.25,37.4,4.062,NORMAL
5904.0,16.51,12.508,0.26,37.6,4.293,NORMAL
5906.0,16.2,12.535,0.26,38.3,4.212,NORMAL
5908.0,16.5,12.743,0.25,38.1,4.125,NORMAL
5910.0,16.16,12.572,0.24,38.3,3.878,NORMAL
5912.0,16.03,12.326,0.26,38.8,4.168,OVERVOLTAGE
5914.0,16.11,12.307,0.25,37.7,4.027,NORMAL
5916.0,16.43,12.612,0.24,37.3,3.943,NORMAL
5918.0,16.32,12.545,0.25,38.9,4.08,NORMAL
5920.0,16.48,12.578,0.24,38.4,3.955,OVERVOLTAGE
5922.0,16.36,12.396,0.25,38.5,4.09,OVERVOLTAGE
5924.0,15.79,12.176,0.25,38.2,3.947,NORMAL
5926.0,16.66,12.475,0.25,37.7,4.165,NORMAL
5928.0,16.3,12.521,0.26,37.8,4.238,NORMAL
5930.0,16.47,12.845,0.24,38.3,3.953,NORMAL
5932.0,16.32,12.253,0.24,38.0,3.917,NORMAL
5934.0,16.45,12.599,0.25,38.8,4.112,NORMAL
5936.0,16.47,12.445,0.24,37.8,3.953,NORMAL
5938.0,16.33,12.461,0.25,38.1,4.082,NORMAL
5940.0,16.32,12.542,0.25,37.8,4.08,NORMAL
5942.0,16.24,12.432,0.25,37.9,4.06,NORMAL
5944.0,16.12,12.642,0.25,37.8,4.03,NORMAL
5946.0,15.89,12.197,0.25,37.8,3.973,NORMAL
5948.0,15.98,12.419,0.25,37.2,3.995,NORMAL
5950.0,16.16,12.297,0.24,37.0,3.878,NORMAL
5952.0,15.91,12.021,0.27,38.2,4.296,NORMAL
5954.0,15.77,11.983,0.25,38.1,3.942,NORMAL
5956.0,15.87,12.245,0.25,37.5,3.967,NORMAL
5958.0,16.05,12.279,0.26,38.3,4.173,NORMAL
5960.0,16.01,12.237,0.25,38.1,4.003,NORMAL
5962.0,15.7,12.13,0.25,39.1,3.925,NORMAL
5964.0,15.65,12.321,0.24,37.8,3.756,NORMAL
5966.0,15.68,12.111,0.26,37.8,4.077,NORMAL
5968.0,15.95,12.474,0.25,37.7,3.987,NORMAL
5970.0,15.98,12.348,0.25,38.4,3.995,NORMAL
5972.0,16.21,12.273,0.25,38.3,4.053,NORMAL
5974.0,15.52,11.661,0.24,38.6,3.725,NORMAL
5976.0,15.61,11.971,0.23,37.6,3.59,NORMAL
5978.0,16.02,12.451,0.25,37.6,4.005,NORMAL
5980.0,15.69,11.967,0.25,37.5,3.922,NORMAL
5982.0,15.48,12.122,0.25,38.0,3.87,NORMAL
5984.0,15.76,11.96,0.23,38.1,3.625,NORMAL
5986.0,15.43,11.739,0.24,37.7,3.703,NORMAL
5988.0,15.7,12.364,0.24,38.2,3.768,NORMAL
5990.0,15.34,11.803,0.25,36.8,3.835,NORMAL
5992.0,15.8,12.272,0.25,38.0,3.95,NORMAL
5994.0,16.24,12.294,0.26,37.8,4.222,NORMAL
5996.0,15.54,11.839,0.24,38.2,3.73,NORMAL
5998.0,15.62,11.923,0.26,38.0,4.061,NORMAL
6000.0,15.91,12.237,0.191,37.9,3.035,NORMAL
6002.0,15.63,12.04,0.25,38.3,3.908,NORMAL
6004.0,15.54,12.075,0.25,37.7,3.885,NORMAL
6006.0,15.47,11.869,0.26,38.0,4.022,NORMAL
6008.0,15.76,12.162,0.25,38.3,3.94,NORMAL
6010.0,15.48,12.076,0.25,38.2,3.87,NORMAL
6012.0,15.84,12.491,0.25,37.5,3.96,NORMAL
6014.0,15.29,11.665,0.26,38.2,3.975,NORMAL
6016.0,15.58,11.923,0.25,38.6,3.895,NORMAL
6018.0,15.55,11.859,0.24,38.8,3.732,NORMAL
6020.0,15.69,12.184,0.25,38.0,3.922,NORMAL
6022.0,16.0,12.346,0.25,38.3,4.0,NORMAL
6024.0,15.85,12.335,0.25,38.5,3.962,NORMAL
6026.0,15.86,12.236,0.25,37.9,3.965,NORMAL
6028.0,15.29,11.837,0.26,38.0,3.975,NORMAL
6030.0,15.47,11.957,0.24,37.7,3.713,NORMAL
6032.0,15.76,12.095,0.25,38.2,3.94,NORMAL
6034.0,15.72,12.206,0.26,38.3,4.087,NORMAL
6036.0,15.67,12.127,0.24,37.5,3.761,NORMAL
6038.0,15.6,12.11,0.25,38.8,3.9,NORMAL
6040.0,15.9,12.228,0.25,37.6,3.975,NORMAL
6042.0,15.41,11.95,0.26,38.4,4.007,NORMAL
6044.0,15.89,12.067,0.24,38.3,3.814,NORMAL
6046.0,15.6,12.05,0.25,38.3,3.9,NORMAL
6048.0,15.92,12.269,0.25,38.3,3.98,NORMAL
6050.0,15.22,11.885,0.24,37.9,3.653,NORMAL
6052.0,15.71,12.345,0.24,37.9,3.77,NORMAL
6054.0,15.63,12.136,0.25,38.2,3.908,NORMAL
6056.0,15.49,12.031,0.25,37.9,3.873,NORMAL
6058.0,15.64,11.952,0.25,37.7,3.91,NORMAL
6060.0,15.82,12.141,0.25,38.1,3.955,NORMAL
6062.0,15.81,12.267,0.25,37.9,3.953,NORMAL
6064.0,15.88,12.259,0.25,38.9,3.97,NORMAL
6066.0,15.36,11.904,0.25,37.8,3.84,NORMAL
6068.0,15.59,12.135,0.25,37.6,3.897,NORMAL
6070.0,15.33,12.021,0.24,38.2,3.679,NORMAL
6072.0,15.52,12.064,0.25,38.5,3.88,NORMAL
6074.0,15.53,11.942,0.24,37.0,3.727,NORMAL
6076.0,15.88,12.105,0.24,38.3,3.811,NORMAL
6078.0,15.63,12.064,0.25,37.7,3.908,NORMAL
6080.0,15.5,11.959,0.25,38.1,3.875,NORMAL
6082.0,15.97,12.274,0.25,37.7,3.993,NORMAL
6084.0,15.58,12.053,0.25,39.2,3.895,NORMAL
6086.0,15.12,11.645,0.25,37.1,3.78,NORMAL
6088.0,15.14,11.742,0.24,37.3,3.634,NORMAL
6090.0,15.6,11.855,0.25,38.0,3.9,NORMAL
6092.0,15.72,12.056,0.26,38.2,4.087,NORMAL
6094.0,15.27,11.916,0.24,38.2,3.665,NORMAL
6096.0,15.66,12.126,0.25,38.3,3.915,NORMAL
6098.0,15.45,11.919,0.25,37.6,3.862,NORMAL
6100.0,15.68,12.137,0.26,37.4,4.077,NORMAL
6102.0,15.95,12.342,0.25,38.4,3.987,NORMAL
6104.0,15.9,12.234,0.24,37.4,3.816,NORMAL
6106.0,15.09,11.611,0.26,38.6,3.923,NORMAL
6108.0,15.51,11.974,0.25,38.0,3.877,NORMAL
6110.0,15.73,12.169,0.25,38.4,3.933,NORMAL
6112.0,15.46,11.913,0.26,37.4,4.02,NORMAL
6114.0,15.83,12.251,0.25,38.1,3.958,NORMAL
6116.0,15.4,11.816,0.25,37.9,3.85,NORMAL
6118.0,16.14,12.356,0.25,38.5,4.035,NORMAL
6120.0,15.35,11.955,0.25,38.3,3.837,NORMAL
6122.0,15.97,12.203,0.27,38.1,4.312,NORMAL
6124.0,15.71,11.943,0.25,38.4,3.928,NORMAL
6126.0,16.15,12.324,0.26,37.2,4.199,NORMAL
6128.0,15.79,12.244,0.26,37.4,4.105,NORMAL
6130.0,15.14,11.633,0.25,38.5,3.785,NORMAL
6132.0,15.25,11.849,0.25,37.7,3.812,NORMAL
6134.0,15.39,11.894,0.25,37.1,3.848,NORMAL
6136.0,15.56,12.118,0.24,38.1,3.734,NORMAL
6138.0,15.55,11.843,0.25,38.1,3.888,NORMAL
6140.0,16.08,12.457,0.25,38.3,4.02,NORMAL
6142.0,15.57,11.831,0.25,38.1,3.893,NORMAL
6144.0,15.52,11.81,0.25,37.8,3.88,NORMAL
6146.0,15.86,12.362,0.26,38.4,4.124,NORMAL
6148.0,15.52,12.043,0.25,37.6,3.88,NORMAL
6150.0,15.65,12.107,0.25,38.6,3.913,NORMAL
6152.0,15.4,12.005,0.25,38.3,3.85,NORMAL
6154.0,15.73,12.168,0.26,38.7,4.09,NORMAL
6156.0,15.4,11.971,0.24,37.8,3.696,NORMAL
6158.0,16.03,12.296,0.25,38.5,4.008,NORMAL
6160.0,15.75,12.079,0.26,37.1,4.095,NORMAL
6162.0,15.82,11.882,0.25,37.5,3.955,NORMAL
6164.0,15.51,11.976,0.25,37.6,3.877,NORMAL
6166.0,15.72,11.948,0.25,36.9,3.93,NORMAL
6168.0,15.53,12.03,0.25,38.2,3.882,NORMAL
6170.0,15.51,12.051,0.25,37.7,3.877,NORMAL
6172.0,15.38,11.862,0.26,38.1,3.999,NORMAL
6174.0,15.45,11.877,0.24,37.7,3.708,NORMAL
6176.0,15.05,11.7,0.25,38.4,3.763,NORMAL
6178.0,15.48,11.956,0.25,37.7,3.87,NORMAL
6180.0,15.96,12.217,0.26,38.2,4.15,NORMAL
6182.0,15.71,12.171,0.24,37.9,3.77,NORMAL
6184.0,15.66,12.041,0.25,38.1,3.915,NORMAL
6186.0,15.56,12.002,0.24,37.6,3.734,SENSOR_FAULT
6188.0,15.43,11.994,0.24,38.2,3.703,NORMAL
6190.0,15.34,11.796,0.26,37.7,3.988,OVERVOLTAGE
6192.0,15.23,11.596,0.25,37.9,3.808,NORMAL
6194.0,15.16,11.969,0.25,38.6,3.79,NORMAL
6196.0,15.56,11.975,0.25,37.7,3.89,NORMAL
6198.0,15.64,11.991,0.25,37.4,3.91,NORMAL
6200.0,15.38,11.948,0.25,37.9,3.845,NORMAL
6202.0,14.67,11.27,0.25,38.4,3.667,NORMAL
6204.0,14.98,11.501,0.24,38.7,3.595,NORMAL
6206.0,15.21,11.729,0.25,38.7,3.803,NORMAL
6208.0,15.01,11.586,0.25,38.6,3.752,NORMAL
6210.0,14.91,11.634,0.24,37.4,3.578,BORDERLINE_OVERTEMP
6212.0,15.04,11.636,0.25,37.7,3.76,NORMAL
6214.0,18.58,14.347,0.25,38.6,4.645,NORMAL
6216.0,14.73,11.379,0.25,37.6,3.683,NORMAL
6218.0,15.15,11.783,0.25,38.1,3.788,OVERLOAD
6220.0,15.14,11.529,0.25,37.7,3.785,NORMAL
6222.0,14.87,11.369,0.26,37.6,3.866,NORMAL
6224.0,15.13,11.855,0.25,37.9,3.783,NORMAL
6226.0,15.18,11.667,0.25,37.8,3.795,OVERVOLTAGE
6228.0,15.25,11.769,0.25,37.2,3.812,OVERVOLTAGE
6230.0,14.7,11.368,0.26,37.6,3.822,NORMAL
6232.0,15.1,11.718,0.25,37.9,3.775,NORMAL
6234.0,15.38,11.743,0.25,38.7,3.845,NORMAL
6236.0,15.1,11.83,0.25,38.2,3.775,NORMAL
6238.0,14.98,11.378,0.25,38.2,3.745,NORMAL
6240.0,14.97,11.699,0.25,37.6,3.743,NORMAL
6242.0,14.78,11.598,0.25,38.1,3.695,NORMAL
6244.0,15.02,11.627,0.26,38.3,3.905,NORMAL
6246.0,14.77,11.374,0.24,38.0,3.545,OVERVOLTAGE
6248.0,15.22,11.618,0.25,37.9,3.805,NORMAL
6250.0,15.13,11.576,0.24,37.7,3.631,NORMAL
6252.0,14.98,11.533,0.26,38.0,3.895,NORMAL
6254.0,14.67,11.378,0.25,37.6,3.667,SENSOR_FAULT
6256.0,14.99,11.584,0.26,37.9,3.897,NORMAL
6258.0,15.23,11.751,0.26,38.4,3.96,NORMAL
6260.0,15.17,11.654,0.25,37.6,3.792,NORMAL
6262.0,15.04,11.782,0.25,37.5,3.76,NORMAL
6264.0,15.42,11.829,0.25,38.0,3.855,NORMAL
6266.0,15.35,11.664,0.26,37.7,3.991,NORMAL
6268.0,15.48,11.85,0.25,37.5,3.87,NORMAL
6270.0,15.15,11.673,0.25,37.9,3.788,NORMAL
6272.0,17.761,13.574,0.25,37.9,4.44,NORMAL
6274.0,15.32,11.636,0.26,38.2,3.983,NORMAL
6276.0,15.54,11.801,0.25,37.8,3.885,NORMAL
6278.0,15.44,11.737,0.25,37.5,3.86,NORMAL
6280.0,15.43,11.892,0.25,37.8,3.857,NORMAL
6282.0,15.21,11.706,0.25,38.2,3.803,NORMAL
6284.0,15.09,11.693,0.25,37.5,3.772,NORMAL
6286.0,15.57,11.868,0.24,38.3,3.737,NORMAL
6288.0,15.86,12.067,0.25,37.4,3.965,NORMAL
6290.0,15.59,12.209,0.25,38.0,3.897,NORMAL
6292.0,15.36,11.885,0.25,38.6,3.84,NORMAL
6294.0,15.15,11.869,0.25,37.5,3.788,NORMAL
6296.0,15.34,11.744,0.27,38.7,4.142,NORMAL
6298.0,15.55,12.04,0.25,38.4,3.888,NORMAL
6300.0,15.84,12.15,0.25,37.8,3.96,NORMAL
6302.0,15.75,12.225,0.25,38.1,3.938,NORMAL
6304.0,15.08,11.849,0.25,38.1,3.77,NORMAL
6306.0,15.21,11.804,0.26,38.0,3.955,NORMAL
6308.0,15.96,12.307,0.25,38.2,3.99,NORMAL
6310.0,15.46,11.918,0.25,37.7,3.865,NORMAL
6312.0,15.03,11.58,0.25,37.9,3.757,NORMAL
6314.0,15.63,12.031,0.24,38.9,3.751,NORMAL
6316.0,15.54,12.146,0.24,38.0,3.73,NORMAL
6318.0,15.82,12.135,0.26,38.2,4.113,NORMAL
6320.0,15.24,11.891,0.25,37.9,3.81,NORMAL
6322.0,15.66,12.01,0.26,38.5,4.072,NORMAL
6324.0,15.17,11.558,0.26,38.6,3.944,NORMAL
6326.0,15.94,12.461,0.25,38.1,3.985,NORMAL
6328.0,15.9,12.31,0.25,38.2,3.975,NORMAL
6330.0,15.5,11.912,0.25,37.6,3.875,NORMAL
6332.0,15.5,11.913,0.25,38.1,3.875,NORMAL
6334.0,15.71,12.116,0.24,37.9,3.77,NORMAL
6336.0,15.52,12.009,0.25,37.3,3.88,NORMAL
6338.0,15.74,12.146,0.25,38.5,3.935,NORMAL
6340.0,15.71,11.91,0.25,38.3,3.928,NORMAL
6342.0,15.39,11.857,0.26,36.9,4.001,NORMAL
6344.0,15.87,12.229,0.25,37.8,3.967,NORMAL
6346.0,15.51,12.092,0.25,37.7,3.877,NORMAL
6348.0,15.93,12.192,0.25,37.4,3.982,NORMAL
6350.0,15.55,11.895,0.25,37.5,3.888,NORMAL
6352.0,15.72,11.946,0.26,37.7,4.087,NORMAL
6354.0,16.37,12.676,0.25,37.9,4.093,NORMAL
6356.0,15.57,12.012,0.26,38.1,4.048,NORMAL
6358.0,15.57,11.888,0.24,38.9,3.737,NORMAL
6360.0,15.28,11.79,0.25,37.6,3.82,NORMAL
6362.0,15.76,12.099,0.26,38.4,4.098,NORMAL
6364.0,15.61,12.098,0.25,37.2,3.902,NORMAL
6366.0,15.26,11.76,0.26,37.8,3.968,NORMAL
6368.0,15.42,12.007,0.25,39.0,3.855,NORMAL
6370.0,15.24,11.735,0.26,38.5,3.962,NORMAL
6372.0,15.67,11.976,0.25,38.9,3.917,NORMAL
6374.0,15.63,12.308,0.25,37.3,3.908,NORMAL
6376.0,15.32,11.777,0.25,37.2,3.83,NORMAL
6378.0,15.7,12.061,0.24,38.3,3.768,NORMAL
6380.0,15.87,12.223,0.26,37.7,4.126,NORMAL
6382.0,15.64,12.074,0.25,38.0,3.91,NORMAL
6384.0,15.54,12.058,0.25,38.6,3.885,NORMAL
6386.0,15.76,12.174,0.25,37.9,3.94,NORMAL
6388.0,15.35,11.836,0.26,36.7,3.991,NORMAL
6390.0,15.87,12.13,0.24,38.2,3.809,NORMAL
6392.0,15.51,11.716,0.26,38.1,4.033,NORMAL
6394.0,15.37,12.067,0.26,38.2,3.996,NORMAL
6396.0,15.99,12.301,0.25,39.1,3.998,OVERLOAD
6398.0,15.37,12.051,0.25,37.0,3.842,NORMAL
6400.0,15.97,12.296,0.24,37.9,3.833,NORMAL
6402.0,15.38,11.829,0.24,37.9,3.691,NORMAL
6404.0,15.51,11.923,0.25,38.7,3.877,NORMAL
6406.0,15.64,11.977,0.25,38.3,3.91,NORMAL
6408.0,15.62,12.189,0.25,37.5,3.905,NORMAL
6410.0,15.93,12.335,0.25,38.1,3.982,NORMAL
6412.0,15.47,11.756,0.25,38.1,3.868,NORMAL
6414.0,15.71,12.019,0.24,38.4,3.77,NORMAL
6416.0,15.56,11.865,0.26,38.2,4.046,NORMAL
6418.0,15.36,11.895,0.25,38.2,3.84,NORMAL
6420.0,15.4,11.86,0.24,38.1,3.696,NORMAL
6422.0,16.1,12.231,0.25,38.8,4.025,NORMAL
6424.0,15.23,11.967,0.24,38.5,3.655,NORMAL
6426.0,15.42,11.68,0.25,37.5,3.855,NORMAL
6428.0,15.77,11.973,0.25,38.0,3.942,NORMAL
6430.0,15.98,12.113,0.25,38.2,3.995,NORMAL
6432.0,15.56,12.013,0.25,38.1,3.89,NORMAL
6434.0,15.72,12.121,0.24,38.1,3.773,NORMAL
6436.0,15.65,11.899,0.25,37.4,3.913,NORMAL
6438.0,15.08,11.753,0.26,38.4,3.921,NORMAL
6440.0,15.67,12.093,0.24,37.5,3.761,NORMAL
6442.0,15.63,12.045,0.25,38.2,3.908,NORMAL
6444.0,15.63,11.992,0.25,38.4,3.908,NORMAL
6446.0,15.29,11.921,0.25,37.8,3.822,NORMAL
6448.0,15.59,12.11,0.25,37.4,3.897,NORMAL
6450.0,15.45,11.977,0.25,38.7,3.862,NORMAL
6452.0,15.22,11.611,0.24,38.0,3.653,NORMAL
6454.0,15.75,12.043,0.25,38.1,3.938,NORMAL
6456.0,16.01,12.356,0.27,37.9,4.323,NORMAL
6458.0,15.62,11.906,0.25,37.6,3.905,NORMAL
6460.0,15.33,11.527,0.25,37.8,3.833,NORMAL
6462.0,15.7,12.138,0.25,38.6,3.925,NORMAL
6464.0,15.25,11.701,0.24,37.7,3.66,NORMAL
6466.0,15.82,12.017,0.25,38.5,3.955,NORMAL
6468.0,15.83,12.346,0.25,37.1,3.958,NORMAL
6470.0,15.62,12.19,0.25,37.6,3.905,NORMAL
6472.0,15.32,11.709,0.26,38.4,3.983,NORMAL
6474.0,16.06,12.159,0.25,38.3,4.015,NORMAL
6476.0,16.1,12.253,0.24,38.5,3.864,NORMAL
6478.0,15.46,11.772,0.25,38.5,3.865,NORMAL
6480.0,15.86,12.402,0.26,37.6,4.124,NORMAL
6482.0,15.26,11.682,0.25,38.2,3.815,NORMAL
6484.0,15.66,12.165,0.25,37.9,3.915,NORMAL
6486.0,15.55,12.082,0.25,38.5,3.888,NORMAL
6488.0,15.78,12.043,0.24,38.2,3.787,NORMAL
6490.0,15.3,11.904,0.25,37.6,3.825,NORMAL
6492.0,15.79,11.98,0.24,37.6,3.79,NORMAL
6494.0,15.49,11.874,0.25,37.9,3.873,NORMAL
6496.0,15.9,12.168,0.24,38.6,3.816,NORMAL
6498.0,15.58,11.861,0.25,38.7,3.895,NORMAL
6500.0,15.6,11.912,0.25,37.3,3.9,NORMAL
6502.0,15.51,11.917,0.24,37.6,3.722,NORMAL
6504.0,15.64,11.931,0.25,38.5,3.91,NORMAL
6506.0,15.15,11.551,0.26,37.7,3.939,OVERLOAD
6508.0,14.99,11.562,0.26,37.8,3.897,NORMAL
6510.0,15.32,12.102,0.26,37.9,3.983,NORMAL
6512.0,15.35,11.842,0.26,38.4,3.991,NORMAL
6514.0,15.15,11.637,0.25,38.2,3.788,NORMAL
6516.0,15.3,11.911,0.26,38.9,3.978,NORMAL
6518.0,15.66,12.227,0.25,38.3,3.915,NORMAL
6520.0,15.0,11.485,0.25,38.8,3.75,BORDERLINE_OVERTEMP
6522.0,14.88,11.563,0.26,38.5,3.869,NORMAL
6524.0,15.16,11.896,0.25,38.1,3.79,NORMAL
6526.0,15.21,11.745,0.26,37.6,3.955,NORMAL
6528.0,15.05,11.682,0.24,37.9,3.612,NORMAL
6530.0,15.24,11.903,0.26,38.2,3.962,NORMAL
6532.0,15.13,11.752,0.26,39.1,3.934,NORMAL
6534.0,14.88,11.566,0.25,38.1,3.72,NORMAL
6536.0,15.25,11.7,0.25,38.0,3.812,BORDERLINE_OVERVOLTAGE
6538.0,15.17,11.781,0.26,38.5,3.944,NORMAL
6540.0,15.31,11.729,0.25,37.8,3.828,NORMAL
6542.0,15.1,11.614,0.25,38.6,3.775,NORMAL
6544.0,14.99,11.609,0.26,37.8,3.897,NORMAL
6546.0,15.32,11.9,0.24,38.6,3.677,NORMAL
6548.0,15.61,12.034,0.25,38.0,3.902,NORMAL
6550.0,15.35,11.677,0.24,38.1,3.684,NORMAL
6552.0,15.4,11.978,0.24,37.2,3.696,NORMAL
6554.0,15.22,11.792,0.24,38.6,3.653,NORMAL
6556.0,15.57,11.929,0.25,39.2,3.893,NORMAL
6558.0,15.8,12.223,0.25,37.2,3.95,NORMAL
6560.0,15.49,11.942,0.24,37.6,3.718,NORMAL
6562.0,15.52,11.907,0.23,38.5,3.57,NORMAL
6564.0,15.14,11.84,0.26,38.0,3.936,NORMAL
6566.0,15.57,12.059,0.25,37.9,3.893,NORMAL
6568.0,15.38,11.85,0.24,38.3,3.691,NORMAL
6570.0,15.5,11.954,0.26,37.9,4.03,NORMAL
6572.0,15.36,11.96,0.25,38.2,3.84,NORMAL
6574.0,15.38,11.897,0.25,38.4,3.845,NORMAL
6576.0,15.31,11.91,0.26,37.2,3.981,NORMAL
6578.0,15.23,11.896,0.26,37.3,3.96,NORMAL
6580.0,15.52,12.042,0.25,38.1,3.88,NORMAL
6582.0,15.33,11.63,0.24,38.3,3.679,NORMAL
6584.0,15.41,12.025,0.27,37.6,4.161,NORMAL
6586.0,15.42,12.03,0.25,38.3,3.855,NORMAL
6588.0,15.51,11.987,0.26,37.7,4.033,NORMAL
6590.0,15.62,12.056,0.24,37.9,3.749,NORMAL
6592.0,15.47,12.071,0.27,37.6,4.177,NORMAL
6594.0,15.77,12.05,0.25,37.6,3.942,NORMAL
6596.0,15.45,11.74,0.24,37.5,3.708,NORMAL
6598.0,15.89,12.3,0.25,38.4,3.973,NORMAL
6600.0,15.83,12.198,0.26,37.6,4.116,OVERVOLTAGE
6602.0,16.21,12.458,0.23,40.1,3.728,OVERVOLTAGE
6604.0,16.15,12.416,0.25,38.6,4.037,OVERVOLTAGE
6606.0,16.28,12.568,0.23,37.6,3.744,OVERVOLTAGE
6608.0,16.53,12.504,0.25,37.9,4.133,OVERVOLTAGE
6610.0,16.87,12.9,0.25,38.6,4.218,OVERVOLTAGE
6612.0,16.97,12.821,0.26,38.1,4.412,OVERVOLTAGE
6614.0,16.45,12.645,0.24,36.9,3.948,OVERVOLTAGE
6616.0,16.9,13.054,0.24,38.9,4.056,OVERVOLTAGE
6618.0,16.01,12.344,0.24,38.5,3.842,OVERVOLTAGE
6620.0,16.24,12.224,0.22,37.2,3.573,OVERVOLTAGE
6622.0,16.96,12.963,0.22,39.8,3.731,OVERVOLTAGE
6624.0,17.51,13.386,0.21,37.6,3.677,OVERVOLTAGE
6626.0,16.71,12.778,0.22,37.9,3.676,OVERVOLTAGE
6628.0,17.82,13.666,0.23,38.3,4.099,OVERVOLTAGE
6630.0,17.38,13.304,0.22,37.8,3.824,OVERVOLTAGE
6632.0,17.63,13.562,0.23,37.8,4.055,OVERVOLTAGE
6634.0,17.14,13.088,0.22,37.7,3.771,OVERVOLTAGE
6636.0,17.76,13.354,0.22,38.1,3.907,OVERVOLTAGE
6638.0,17.15,13.122,0.22,37.4,3.773,OVERVOLTAGE
6640.0,17.12,12.972,0.22,38.1,3.766,OVERVOLTAGE
6642.0,17.16,13.16,0.22,38.8,3.775,OVERVOLTAGE
6644.0,17.07,13.182,0.23,39.2,3.926,OVERVOLTAGE
6646.0,17.56,13.553,0.23,39.0,4.039,OVERVOLTAGE
6648.0,17.58,13.221,0.23,37.3,4.043,OVERVOLTAGE
6650.0,17.44,13.434,0.22,37.6,3.837,OVERVOLTAGE
6652.0,16.66,12.563,0.22,37.7,3.665,OVERVOLTAGE
6654.0,17.98,13.83,0.21,37.6,3.776,OVERVOLTAGE
6656.0,17.66,13.519,0.21,38.5,3.709,OVERVOLTAGE
6658.0,18.33,13.834,0.22,37.9,4.033,OVERVOLTAGE
6660.0,17.13,13.107,0.21,38.9,3.597,OVERVOLTAGE
6662.0,17.66,13.652,0.23,36.4,4.062,OVERVOLTAGE
6664.0,17.46,13.237,0.22,37.4,3.841,OVERVOLTAGE
6666.0,17.64,13.636,0.24,38.7,4.234,OVERVOLTAGE
6668.0,17.38,13.217,0.22,37.5,3.824,OVERVOLTAGE
6670.0,16.65,12.743,0.21,37.6,3.496,OVERVOLTAGE
6672.0,17.51,13.296,0.22,38.0,3.852,OVERVOLTAGE
6674.0,16.69,12.853,0.22,37.3,3.672,OVERVOLTAGE
6676.0,17.83,13.582,0.23,38.5,4.101,OVERTEMP
6678.0,17.27,13.335,0.21,37.0,3.627,OVERVOLTAGE
6680.0,17.41,13.187,0.21,37.4,3.656,OVERVOLTAGE
6682.0,17.49,13.058,0.23,37.8,4.023,OVERVOLTAGE
6684.0,17.4,13.212,0.22,37.8,3.828,OVERVOLTAGE
6686.0,17.57,13.471,0.22,38.0,3.865,OVERVOLTAGE
6688.0,17.31,13.306,0.22,38.9,3.808,OVERVOLTAGE
6690.0,17.81,13.712,0.23,38.4,4.096,OVERVOLTAGE
6692.0,16.87,13.138,0.22,37.9,3.711,BORDERLINE_OVERVOLTAGE
6694.0,17.85,13.637,0.21,38.3,3.748,OVERVOLTAGE
6696.0,17.67,13.456,0.21,38.2,3.711,OVERVOLTAGE
6698.0,17.6,13.595,0.21,37.6,3.696,NORMAL
6700.0,17.08,12.968,0.21,38.0,3.587,OVERVOLTAGE
6702.0,17.14,12.98,0.22,37.0,3.771,OVERVOLTAGE
6704.0,18.3,13.99,0.22,37.5,4.026,OVERVOLTAGE
6706.0,17.72,13.654,0.23,37.9,4.076,OVERVOLTAGE
6708.0,16.69,12.836,0.21,38.1,3.505,OVERVOLTAGE
6710.0,17.14,13.075,0.22,37.6,3.771,OVERVOLTAGE
6712.0,17.9,13.505,0.23,37.3,4.117,OVERVOLTAGE
6714.0,17.33,13.384,0.22,37.5,3.813,OVERVOLTAGE
6716.0,17.63,13.615,0.22,37.1,3.879,OVERVOLTAGE
6718.0,16.39,12.527,0.23,38.6,3.77,OVERVOLTAGE
6720.0,18.0,13.767,0.22,38.0,3.96,OVERVOLTAGE
6722.0,18.75,14.12,0.23,38.5,4.312,OVERVOLTAGE
6724.0,17.55,13.421,0.21,38.6,3.686,OVERVOLTAGE
6726.0,17.06,13.075,0.22,37.4,3.753,OVERVOLTAGE
6728.0,17.16,13.119,0.22,38.5,3.775,OVERVOLTAGE
6730.0,17.34,13.106,0.22,38.5,3.815,OVERVOLTAGE
6732.0,17.6,13.445,0.23,38.4,4.048,OVERVOLTAGE
6734.0,17.75,13.269,0.22,38.5,3.905,OVERVOLTAGE
6736.0,16.89,12.987,0.23,37.0,3.885,OVERVOLTAGE
6738.0,17.36,13.294,0.21,38.2,3.646,OVERVOLTAGE
6740.0,18.33,14.002,0.21,39.0,3.849,OVERVOLTAGE
6742.0,17.24,13.187,0.23,38.4,3.965,OVERVOLTAGE
6744.0,17.6,13.539,0.22,37.4,3.872,OVERVOLTAGE
6746.0,17.41,13.338,0.22,38.2,3.83,OVERVOLTAGE
6748.0,16.94,12.944,0.23,38.1,3.896,OVERVOLTAGE
6750.0,17.67,13.559,0.22,38.5,3.887,OVERVOLTAGE
6752.0,17.78,13.543,0.23,38.6,4.089,OVERVOLTAGE
6754.0,17.06,12.993,0.23,37.8,3.924,OVERVOLTAGE
6756.0,16.82,12.69,0.22,38.1,3.7,OVERVOLTAGE
6758.0,17.68,13.417,0.22,39.8,3.89,OVERVOLTAGE
6760.0,17.33,13.197,0.21,38.9,3.639,OVERVOLTAGE
6762.0,17.21,13.244,0.23,37.1,3.958,OVERVOLTAGE
6764.0,18.2,13.982,0.22,38.4,4.004,OVERVOLTAGE
6766.0,18.17,13.965,0.23,38.3,4.179,OVERVOLTAGE
6768.0,17.15,13.071,0.23,37.3,3.944,OVERVOLTAGE
6770.0,16.29,12.65,0.22,37.6,3.584,OVERVOLTAGE
6772.0,17.65,13.612,0.23,37.3,4.059,OVERVOLTAGE
6774.0,18.33,13.977,0.23,38.5,4.216,OVERVOLTAGE
6776.0,17.29,13.163,0.23,37.0,3.977,OVERVOLTAGE
6778.0,16.8,12.936,0.21,38.4,3.528,OVERVOLTAGE
6780.0,17.52,13.331,0.22,36.7,3.854,OVERVOLTAGE
6782.0,17.23,13.062,0.21,38.4,3.618,OVERVOLTAGE
6784.0,17.26,13.053,0.2,37.8,3.452,OVERVOLTAGE
6786.0,17.53,13.368,0.21,38.1,3.681,OVERVOLTAGE
6788.0,18.16,13.658,0.22,36.7,3.995,OVERVOLTAGE
6790.0,17.52,13.561,0.21,36.0,3.679,OVERVOLTAGE
6792.0,17.78,13.622,0.22,37.6,3.912,OVERVOLTAGE
6794.0,17.22,13.368,0.22,37.4,3.788,OVERVOLTAGE
6796.0,16.88,12.865,0.23,38.0,3.882,OVERVOLTAGE
6798.0,17.57,13.458,0.23,38.9,4.041,OVERVOLTAGE
6800.0,17.15,13.296,0.115,39.2,1.966,OVERVOLTAGE
6802.0,17.86,13.779,0.23,38.5,4.108,OVERVOLTAGE
6804.0,17.32,13.131,0.21,38.0,3.637,OVERVOLTAGE
6806.0,17.08,13.087,0.21,39.7,3.587,OVERVOLTAGE
6808.0,17.64,13.355,0.21,36.7,3.704,OVERVOLTAGE
6810.0,18.07,13.871,0.22,38.4,3.975,OVERVOLTAGE
6812.0,17.27,13.389,0.23,37.6,3.972,OVERVOLTAGE
6814.0,17.67,13.246,0.21,37.5,3.711,OVERVOLTAGE
6816.0,17.96,13.743,0.22,36.5,3.951,OVERVOLTAGE
6818.0,17.29,13.232,0.21,39.1,3.631,OVERVOLTAGE
6820.0,17.38,13.108,0.22,37.0,3.824,OVERVOLTAGE
6822.0,18.01,13.446,0.22,38.0,3.962,OVERVOLTAGE
6824.0,16.98,13.226,0.23,38.3,3.905,OVERVOLTAGE
6826.0,18.03,13.698,0.22,38.3,3.967,OVERVOLTAGE
6828.0,18.31,13.967,0.23,38.1,4.211,OVERVOLTAGE
6830.0,18.07,13.467,0.22,39.1,3.975,OVERVOLTAGE
6832.0,17.68,13.702,0.22,39.2,3.89,OVERVOLTAGE
6834.0,17.51,13.383,0.23,39.2,4.027,OVERVOLTAGE
6836.0,18.47,14.174,0.22,37.9,4.063,OVERVOLTAGE
6838.0,17.36,13.27,0.22,39.0,3.819,OVERVOLTAGE
6840.0,16.83,13.004,0.22,37.5,3.703,OVERVOLTAGE
6842.0,17.77,13.705,0.23,38.6,4.087,OVERVOLTAGE
6844.0,17.24,13.092,0.23,39.3,3.965,OVERVOLTAGE
6846.0,18.21,13.91,0.22,37.4,4.006,OVERVOLTAGE
6848.0,17.78,13.623,0.23,37.3,4.089,OVERVOLTAGE
6850.0,17.23,13.076,0.21,37.4,3.618,OVERVOLTAGE
6852.0,17.71,13.562,0.23,37.0,4.073,OVERVOLTAGE
6854.0,17.04,12.904,0.23,37.6,3.919,OVERVOLTAGE
6856.0,17.81,13.284,0.22,37.8,3.918,OVERVOLTAGE
6858.0,17.87,13.42,0.23,38.0,4.11,OVERVOLTAGE
6860.0,17.98,14.023,0.21,37.7,3.776,OVERVOLTAGE
6862.0,17.22,13.22,0.23,38.4,3.961,OVERVOLTAGE
6864.0,17.61,13.437,0.22,38.2,3.874,OVERVOLTAGE
6866.0,18.1,13.904,0.21,38.7,3.801,OVERVOLTAGE
6868.0,17.77,13.304,0.23,37.9,4.087,OVERVOLTAGE
6870.0,17.47,13.179,0.21,37.5,3.669,OVERVOLTAGE
6872.0,17.31,13.325,0.22,36.4,3.808,OVERVOLTAGE
6874.0,18.37,13.974,0.23,37.9,4.225,OVERVOLTAGE
6876.0,17.33,13.135,0.22,38.0,3.813,OVERVOLTAGE
6878.0,18.16,13.819,0.21,38.5,3.814,OVERVOLTAGE
6880.0,18.25,13.862,0.22,37.8,4.015,OVERVOLTAGE
6882.0,17.52,13.142,0.21,37.5,3.679,OVERVOLTAGE
6884.0,17.14,12.852,0.22,38.2,3.771,OVERVOLTAGE
6886.0,17.45,13.246,0.22,37.9,3.839,OVERVOLTAGE
6888.0,17.34,13.276,0.22,37.6,3.815,OVERVOLTAGE
6890.0,18.41,14.003,0.21,37.8,3.866,OVERVOLTAGE
6892.0,17.23,13.105,0.23,36.4,3.963,OVERVOLTAGE
6894.0,17.82,13.653,0.22,37.4,3.92,OVERVOLTAGE
6896.0,17.86,13.683,0.22,37.5,3.929,OVERVOLTAGE
6898.0,17.34,12.908,0.23,39.0,3.988,OVERVOLTAGE
6900.0,17.54,13.332,0.21,39.7,3.683,OVERVOLTAGE
6902.0,17.79,13.446,0.22,37.5,3.914,OVERVOLTAGE_SENSOR_FAULT
6904.0,18.12,13.812,0.23,39.3,4.168,OVERVOLTAGE_SENSOR_FAULT
6906.0,17.61,13.304,0.22,37.8,3.874,OVERVOLTAGE
6908.0,17.53,13.41,0.21,38.3,3.681,OVERVOLTAGE
6910.0,17.61,13.546,0.23,38.0,4.05,OVERVOLTAGE_SENSOR_FAULT
6912.0,18.31,13.896,0.23,38.8,4.211,OVERVOLTAGE_SENSOR_FAULT
6914.0,17.59,13.467,0.21,38.3,3.694,NORMAL
6916.0,17.51,13.592,0.23,37.2,4.027,OVERVOLTAGE
6918.0,17.86,13.686,0.22,37.9,3.929,OVERVOLTAGE
6920.0,18.1,13.793,0.22,38.1,3.982,OVERVOLTAGE_SENSOR_FAULT
6922.0,18.2,14.064,0.22,38.0,4.004,OVERVOLTAGE_SENSOR_FAULT
6924.0,17.56,13.381,0.23,37.4,4.039,OVERVOLTAGE_SENSOR_FAULT
6926.0,18.08,13.812,0.21,37.9,3.797,OVERVOLTAGE_SENSOR_FAULT
6928.0,17.11,13.097,0.22,38.1,3.764,OVERVOLTAGE
6930.0,18.0,13.735,0.23,37.4,4.14,OVERVOLTAGE
6932.0,17.77,13.597,0.23,38.5,4.087,OVERVOLTAGE_SENSOR_FAULT
6934.0,17.76,13.576,0.23,37.4,4.085,OVERVOLTAGE_SENSOR_FAULT
6936.0,18.07,13.736,0.22,38.1,3.975,OVERVOLTAGE_SENSOR_FAULT
6938.0,16.59,12.658,0.22,38.2,3.65,OVERVOLTAGE
6940.0,17.05,13.305,0.21,38.5,3.581,OVERVOLTAGE_SENSOR_FAULT
6942.0,18.04,13.657,0.21,38.6,3.788,OVERVOLTAGE
6944.0,17.27,13.33,0.22,38.5,3.799,OVERVOLTAGE
6946.0,17.46,13.414,0.22,38.3,3.841,OVERVOLTAGE_SENSOR_FAULT
6948.0,17.96,13.545,0.21,38.0,3.772,OVERVOLTAGE_SENSOR_FAULT
6950.0,17.48,13.245,0.22,38.0,3.846,OVERVOLTAGE_SENSOR_FAULT
6952.0,16.91,12.893,0.2,37.9,3.382,OVERVOLTAGE
6954.0,16.459,12.809,0.23,37.4,3.786,OVERVOLTAGE
6956.0,18.14,13.764,0.2,38.1,3.628,OVERVOLTAGE_SENSOR_FAULT
6958.0,16.35,12.807,0.21,38.5,3.433,OVERVOLTAGE
6960.0,17.86,13.85,0.22,38.0,3.929,OVERVOLTAGE
6962.0,18.35,13.674,0.22,36.6,4.037,OVERVOLTAGE
6964.0,17.246,12.951,0.22,38.1,3.794,OVERVOLTAGE
6966.0,17.2,13.102,0.22,38.1,3.784,OVERVOLTAGE_SENSOR_FAULT
6968.0,17.09,13.108,0.21,38.8,3.589,OVERVOLTAGE_SENSOR_FAULT
6970.0,17.74,13.465,0.21,36.0,3.725,OVERVOLTAGE
6972.0,17.16,13.217,0.22,40.2,3.775,OVERVOLTAGE
6974.0,18.58,14.179,0.22,37.6,4.088,OVERVOLTAGE
6976.0,18.2,13.896,0.24,37.6,4.368,OVERVOLTAGE
6978.0,16.94,12.975,0.23,39.1,3.896,OVERVOLTAGE_SENSOR_FAULT
6980.0,17.24,13.193,0.22,38.3,3.793,OVERVOLTAGE
6982.0,17.57,13.515,0.22,38.7,3.865,OVERVOLTAGE
6984.0,17.11,13.187,0.21,37.8,3.593,OVERVOLTAGE
6986.0,17.56,13.364,0.21,38.2,3.688,OVERVOLTAGE
6988.0,17.85,13.645,0.22,37.8,3.927,OVERVOLTAGE_SENSOR_FAULT
6990.0,18.02,13.724,0.22,38.3,3.964,OVERVOLTAGE
6992.0,17.67,13.636,0.21,38.1,3.711,OVERVOLTAGE
6994.0,17.13,12.951,0.21,37.1,3.597,OVERVOLTAGE
6996.0,17.73,13.613,0.21,37.8,3.723,OVERVOLTAGE_SENSOR_FAULT
6998.0,17.66,13.494,0.22,38.1,3.885,OVERVOLTAGE_SENSOR_FAULT
7000.0,17.41,13.41,0.22,39.5,3.83,OVERVOLTAGE
7002.0,18.48,13.872,0.22,37.9,4.066,OVERVOLTAGE
7004.0,17.18,13.392,0.24,37.6,4.123,OVERVOLTAGE
7006.0,17.01,13.012,0.21,37.8,3.572,OVERVOLTAGE
7008.0,17.86,13.603,0.22,37.7,3.929,OVERVOLTAGE
7010.0,17.37,13.411,0.21,37.4,3.648,OVERVOLTAGE
7012.0,16.78,12.758,0.23,37.8,3.859,OVERVOLTAGE_SENSOR_FAULT
7014.0,17.79,13.64,0.23,38.8,4.092,OVERVOLTAGE
7016.0,17.93,13.546,0.21,37.6,3.765,OVERVOLTAGE_SENSOR_FAULT
7018.0,17.98,13.779,0.22,38.6,3.956,NORMAL
7020.0,17.16,13.024,0.22,38.9,3.775,OVERVOLTAGE_SENSOR_FAULT
7022.0,17.55,13.396,0.21,37.8,3.686,OVERVOLTAGE
7024.0,17.19,13.036,0.21,38.2,3.61,OVERVOLTAGE_SENSOR_FAULT
7026.0,17.18,13.264,0.21,37.9,3.608,BORDERLINE_OVERVOLTAGE
7028.0,18.09,13.645,0.21,39.5,3.799,OVERVOLTAGE
7030.0,17.93,13.569,0.21,37.4,3.765,OVERVOLTAGE
7032.0,17.48,13.226,0.22,38.5,3.846,OVERVOLTAGE
7034.0,17.11,13.063,0.21,37.9,3.593,OVERVOLTAGE_SENSOR_FAULT
7036.0,17.13,13.039,0.22,39.5,3.769,OVERVOLTAGE
7038.0,17.33,13.335,0.22,37.6,3.813,OVERVOLTAGE
7040.0,17.22,13.087,0.24,38.2,4.133,OVERVOLTAGE_SENSOR_FAULT
7042.0,17.27,13.036,0.22,38.9,3.799,OVERVOLTAGE
7044.0,17.24,13.147,0.22,38.0,3.793,OVERVOLTAGE
7046.0,16.91,12.868,0.22,37.9,3.72,OVERVOLTAGE
7048.0,17.77,13.589,0.23,37.9,4.087,OVERVOLTAGE
7050.0,16.65,12.711,0.22,38.7,3.663,OVERVOLTAGE
7052.0,17.21,13.223,0.24,39.2,4.13,OVERVOLTAGE_SENSOR_FAULT
7054.0,17.95,13.62,0.2,37.5,3.59,OVERVOLTAGE
7056.0,17.41,13.354,0.22,36.3,3.83,OVERVOLTAGE_SENSOR_FAULT
7058.0,17.71,13.397,0.23,37.5,4.073,OVERVOLTAGE
7060.0,16.44,12.54,0.22,38.6,3.617,OVERVOLTAGE_SENSOR_FAULT
7062.0,18.34,13.77,0.22,38.1,4.035,OVERVOLTAGE
7064.0,17.61,13.542,0.2,38.5,3.522,OVERVOLTAGE_SENSOR_FAULT
7066.0,18.04,13.826,0.21,38.1,3.788,OVERVOLTAGE
7068.0,17.67,13.533,0.21,36.4,3.711,OVERVOLTAGE_SENSOR_FAULT
7070.0,17.44,13.318,0.22,38.5,3.837,OVERVOLTAGE
7072.0,16.98,13.31,0.2,37.2,3.396,OVERVOLTAGE_SENSOR_FAULT
7074.0,17.78,13.531,0.22,37.9,3.912,OVERVOLTAGE_SENSOR_FAULT
7076.0,17.96,13.644,0.22,38.4,3.951,OVERVOLTAGE_SENSOR_FAULT
7078.0,18.26,13.823,0.23,38.9,4.2,OVERVOLTAGE
7080.0,17.92,13.887,0.22,38.1,3.942,OVERVOLTAGE
7082.0,17.09,13.144,0.22,38.3,3.76,OVERVOLTAGE_SENSOR_FAULT
7084.0,17.32,13.432,0.24,37.1,4.157,OVERVOLTAGE_SENSOR_FAULT
7086.0,17.98,13.587,0.24,36.9,4.315,OVERVOLTAGE
7088.0,18.09,13.716,0.2,36.9,3.618,OVERVOLTAGE
7090.0,17.58,13.341,0.23,37.9,4.043,OVERVOLTAGE_SENSOR_FAULT
7092.0,17.62,13.427,0.22,38.3,3.876,OVERVOLTAGE_SENSOR_FAULT
7094.0,16.73,12.846,0.21,39.0,3.513,OVERVOLTAGE_SENSOR_FAULT
7096.0,17.37,13.244,0.23,37.2,3.995,OVERVOLTAGE
7098.0,17.55,13.377,0.22,38.1,3.861,OVERVOLTAGE
7100.0,16.95,12.999,0.22,37.1,3.729,OVERVOLTAGE
7102.0,18.04,13.731,0.22,37.2,3.969,OVERVOLTAGE_SENSOR_FAULT
7104.0,17.17,13.357,0.22,37.9,3.777,OVERVOLTAGE_SENSOR_FAULT
7106.0,17.96,13.638,0.22,38.5,3.951,OVERVOLTAGE
7108.0,17.51,13.565,0.22,38.5,3.852,OVERVOLTAGE
7110.0,17.81,13.66,0.23,38.6,4.096,OVERVOLTAGE
7112.0,17.05,13.018,0.23,39.2,3.922,OVERVOLTAGE_SENSOR_FAULT
7114.0,17.35,13.233,0.23,38.4,3.991,OVERVOLTAGE
7116.0,17.01,13.114,0.22,38.4,3.742,OVERVOLTAGE_SENSOR_FAULT
7118.0,17.64,13.474,0.22,38.7,3.881,OVERVOLTAGE
7120.0,17.32,13.215,0.163,36.8,2.82,OVERVOLTAGE_SENSOR_FAULT
7122.0,17.77,13.522,0.22,39.0,3.909,OVERVOLTAGE_SENSOR_FAULT
7124.0,17.69,13.52,0.23,39.6,4.069,OVERVOLTAGE_SENSOR_FAULT
7126.0,17.09,13.034,0.23,39.3,3.931,OVERVOLTAGE_SENSOR_FAULT
7128.0,17.83,13.617,0.23,38.7,4.101,OVERTEMP
7130.0,17.22,13.288,0.22,38.3,3.788,OVERVOLTAGE
7132.0,17.63,13.574,0.22,38.4,3.879,OVERVOLTAGE
7134.0,17.65,13.6,0.21,37.9,3.706,OVERVOLTAGE_SENSOR_FAULT
7136.0,16.96,13.051,0.2,39.0,3.392,OVERVOLTAGE
7138.0,17.74,13.573,0.21,38.5,3.725,OVERVOLTAGE
7140.0,16.88,12.877,0.23,38.1,3.882,OVERVOLTAGE_SENSOR_FAULT
7142.0,17.35,13.295,0.2,38.4,3.47,OVERVOLTAGE_SENSOR_FAULT
7144.0,17.42,13.23,0.23,37.1,4.007,OVERVOLTAGE_SENSOR_FAULT
7146.0,17.17,13.189,0.22,38.0,3.777,OVERVOLTAGE
7148.0,17.36,13.587,0.21,39.2,3.646,OVERVOLTAGE_SENSOR_FAULT
7150.0,17.56,13.215,0.21,39.0,3.688,OVERVOLTAGE
7152.0,17.37,13.237,0.21,37.2,3.648,OVERVOLTAGE_SENSOR_FAULT
7154.0,17.16,13.044,0.22,38.0,3.775,OVERVOLTAGE
7156.0,17.35,13.241,0.22,38.6,3.817,OVERVOLTAGE
7158.0,17.82,13.781,0.22,38.4,3.92,OVERVOLTAGE_SENSOR_FAULT
7160.0,17.06,13.022,0.22,39.2,3.753,OVERVOLTAGE
7162.0,16.39,12.252,0.22,38.1,3.606,OVERVOLTAGE_SENSOR_FAULT
7164.0,18.03,13.71,0.21,38.2,3.786,OVERVOLTAGE
7166.0,16.99,13.147,0.21,37.4,3.568,OVERVOLTAGE_SENSOR_FAULT
7168.0,17.44,13.483,0.22,37.4,3.837,OVERVOLTAGE_SENSOR_FAULT
7170.0,18.08,13.816,0.23,38.3,4.158,OVERVOLTAGE_SENSOR_FAULT
7172.0,17.02,12.789,0.22,37.5,3.744,OVERVOLTAGE
7174.0,17.92,13.784,0.21,38.8,3.763,OVERVOLTAGE
7176.0,17.72,13.773,0.23,37.6,4.076,OVERVOLTAGE
7178.0,17.52,13.256,0.22,37.6,3.854,OVERVOLTAGE
7180.0,17.69,13.307,0.22,37.5,3.892,OVERVOLTAGE_SENSOR_FAULT
7182.0,17.0,12.969,0.23,37.6,3.91,OVERVOLTAGE
7184.0,18.07,13.664,0.21,37.5,3.795,OVERVOLTAGE
7186.0,18.14,13.927,0.24,38.5,4.354,OVERVOLTAGE
7188.0,17.27,13.316,0.24,38.2,4.145,OVERVOLTAGE_SENSOR_FAULT
7190.0,17.46,13.41,0.22,39.1,3.841,OVERVOLTAGE
7192.0,18.07,13.689,0.22,37.4,3.975,OVERVOLTAGE_SENSOR_FAULT
7194.0,17.54,13.556,0.21,37.2,3.683,OVERVOLTAGE_SENSOR_FAULT
7196.0,17.29,13.14,0.22,38.2,3.804,OVERVOLTAGE
7198.0,18.07,13.803,0.21,38.2,3.795,OVERVOLTAGE_SENSOR_FAULT
7200.0,17.48,13.451,0.21,38.6,3.671,OVERVOLTAGE
7202.0,17.23,13.007,0.23,38.3,3.963,OVERVOLTAGE
7204.0,17.16,13.052,0.23,38.2,3.947,OVERVOLTAGE
7206.0,17.16,13.015,0.22,37.7,3.775,OVERVOLTAGE
7208.0,16.81,12.714,0.23,38.7,3.866,OVERVOLTAGE
7210.0,17.55,13.355,0.21,37.8,3.686,OVERVOLTAGE
7212.0,17.33,13.139,0.24,37.7,4.159,OVERVOLTAGE
7214.0,17.2,13.054,0.23,36.9,3.956,OVERVOLTAGE
7216.0,18.07,14.063,0.22,38.1,3.975,OVERVOLTAGE
7218.0,17.6,13.284,0.21,37.8,3.696,OVERVOLTAGE
7220.0,17.99,13.879,0.22,38.8,3.958,OVERVOLTAGE
7222.0,17.34,13.138,0.21,38.0,3.641,OVERVOLTAGE
7224.0,17.56,13.429,0.23,37.9,4.039,OVERVOLTAGE
7226.0,17.46,13.045,0.23,37.5,4.016,OVERVOLTAGE
7228.0,17.69,13.414,0.23,38.3,4.069,OVERVOLTAGE
7230.0,17.05,13.032,0.22,38.1,3.751,OVERVOLTAGE
7232.0,18.22,13.88,0.21,39.2,3.826,SENSOR_FAULT
7234.0,16.78,12.81,0.22,38.7,3.692,OVERVOLTAGE
7236.0,16.92,13.02,0.22,37.4,3.722,OVERVOLTAGE
7238.0,17.8,13.681,0.21,37.5,3.738,OVERVOLTAGE
7240.0,17.16,13.172,0.21,37.2,3.604,OVERVOLTAGE
7242.0,17.62,13.657,0.21,38.0,3.7,OVERVOLTAGE
7244.0,17.12,13.083,0.2,38.3,3.424,OVERVOLTAGE
7246.0,17.22,12.878,0.23,38.6,3.961,OVERVOLTAGE
7248.0,17.24,13.272,0.24,38.4,4.138,OVERVOLTAGE
7250.0,17.96,13.79,0.22,38.5,3.951,OVERVOLTAGE
7252.0,17.71,13.435,0.22,38.1,3.896,OVERVOLTAGE
7254.0,17.51,13.336,0.21,37.5,3.677,OVERVOLTAGE
7256.0,17.13,13.157,0.22,37.9,3.769,OVERVOLTAGE
7258.0,17.87,13.756,0.22,38.9,3.931,OVERVOLTAGE
7260.0,17.7,13.668,0.22,38.2,3.894,OVERVOLTAGE
7262.0,17.98,13.782,0.23,38.0,4.135,OVERVOLTAGE
7264.0,18.03,13.743,0.21,37.8,3.786,OVERVOLTAGE
7266.0,17.85,13.408,0.23,37.8,4.106,OVERVOLTAGE
7268.0,17.6,13.267,0.21,37.0,3.696,OVERVOLTAGE
7270.0,17.63,13.487,0.23,38.0,4.055,OVERVOLTAGE
7272.0,17.97,13.697,0.21,38.4,3.774,OVERVOLTAGE
7274.0,17.72,13.541,0.22,37.4,3.898,OVERVOLTAGE
7276.0,18.15,13.641,0.23,37.7,4.175,OVERVOLTAGE
7278.0,16.84,12.858,0.23,37.3,3.873,OVERVOLTAGE
7280.0,17.343,13.222,0.21,39.0,3.642,OVERVOLTAGE
7282.0,17.05,13.106,0.22,37.5,3.751,OVERVOLTAGE
7284.0,17.24,13.004,0.2,37.8,3.448,OVERVOLTAGE
7286.0,17.58,13.447,0.21,37.7,3.692,OVERVOLTAGE
7288.0,17.42,13.156,0.22,38.5,3.832,OVERVOLTAGE
7290.0,17.47,13.305,0.19,38.2,3.319,OVERVOLTAGE
7292.0,17.11,13.028,0.22,38.8,3.764,OVERVOLTAGE
7294.0,17.13,13.018,0.22,37.1,3.769,OVERVOLTAGE
7296.0,17.98,13.46,0.22,36.7,3.956,OVERVOLTAGE
7298.0,17.56,13.469,0.23,36.9,4.039,OVERVOLTAGE
7300.0,18.02,13.804,0.24,38.2,4.325,OVERVOLTAGE
7302.0,16.66,12.653,0.24,37.6,3.998,OVERVOLTAGE
7304.0,17.4,13.312,0.23,39.5,4.002,OVERVOLTAGE
7306.0,17.89,13.844,0.22,37.3,3.936,OVERVOLTAGE
7308.0,17.26,13.278,0.23,38.9,3.97,OVERVOLTAGE
7310.0,18.22,13.763,0.24,37.9,4.373,OVERVOLTAGE
7312.0,16.77,12.996,0.24,37.7,4.025,OVERVOLTAGE
7314.0,17.21,13.004,0.23,37.5,3.958,OVERVOLTAGE
7316.0,17.42,13.303,0.22,38.4,3.832,OVERVOLTAGE
7318.0,17.75,13.464,0.22,37.5,3.905,OVERVOLTAGE
7320.0,18.31,13.867,0.22,36.6,4.028,OVERVOLTAGE
7322.0,17.54,13.271,0.24,38.7,4.21,OVERVOLTAGE
7324.0,18.45,13.876,0.22,38.9,4.059,OVERVOLTAGE
7326.0,16.56,12.97,0.21,35.8,3.478,OVERVOLTAGE
7328.0,17.58,13.448,0.21,38.3,3.692,OVERVOLTAGE
7330.0,17.74,13.417,0.23,37.8,4.08,OVERVOLTAGE
7332.0,17.83,13.896,0.23,38.1,4.101,OVERVOLTAGE
7334.0,17.33,13.157,0.21,38.3,3.639,OVERVOLTAGE
7336.0,17.7,13.763,0.21,37.7,3.717,OVERVOLTAGE
7338.0,17.34,13.114,0.21,38.8,3.641,OVERVOLTAGE
7340.0,17.23,13.336,0.22,38.6,3.791,OVERVOLTAGE
7342.0,17.21,13.082,0.22,37.7,3.786,OVERVOLTAGE
7344.0,17.97,13.72,0.22,38.2,3.953,OVERVOLTAGE
7346.0,17.08,12.81,0.23,38.4,3.928,OVERVOLTAGE
7348.0,17.61,13.25,0.21,38.8,3.698,OVERVOLTAGE
7350.0,17.36,13.369,0.22,38.0,3.819,OVERVOLTAGE
7352.0,16.9,13.118,0.23,38.4,3.887,OVERVOLTAGE
7354.0,17.84,13.53,0.22,37.1,3.925,OVERVOLTAGE
7356.0,18.13,13.423,0.23,37.6,4.17,OVERVOLTAGE
7358.0,17.42,13.38,0.22,37.8,3.832,OVERVOLTAGE
7360.0,17.85,13.369,0.23,38.3,4.106,OVERVOLTAGE
7362.0,17.37,13.323,0.24,38.3,4.169,OVERVOLTAGE
7364.0,17.64,13.433,0.22,36.4,3.881,OVERVOLTAGE
7366.0,17.49,13.139,0.23,38.0,4.023,OVERVOLTAGE
7368.0,17.67,13.374,0.21,37.2,3.711,OVERVOLTAGE
7370.0,17.71,13.6,0.23,38.3,4.073,OVERVOLTAGE
7372.0,17.69,13.174,0.22,38.5,3.892,OVERVOLTAGE
7374.0,17.54,13.375,0.21,38.8,3.683,OVERVOLTAGE
7376.0,17.51,13.457,0.21,38.7,3.677,OVERVOLTAGE
7378.0,17.72,13.552,0.21,37.5,3.721,OVERVOLTAGE
7380.0,17.23,13.111,0.22,36.5,3.791,OVERVOLTAGE
7382.0,18.21,14.144,0.22,38.1,4.006,OVERVOLTAGE
7384.0,16.58,12.825,0.21,37.7,3.482,OVERVOLTAGE
7386.0,17.84,13.552,0.21,38.7,3.746,OVERVOLTAGE
7388.0,17.98,13.639,0.21,37.9,3.776,OVERVOLTAGE
7390.0,17.92,13.733,0.22,38.0,3.942,OVERVOLTAGE
7392.0,17.71,13.458,0.23,38.1,4.073,OVERVOLTAGE
7394.0,17.36,13.248,0.22,38.2,3.819,OVERVOLTAGE
7396.0,17.51,13.398,0.21,38.5,3.677,BORDERLINE_OVERLOAD
7398.0,17.89,13.593,0.22,36.8,3.936,OVERVOLTAGE
7400.0,17.42,13.315,0.23,36.6,4.007,OVERVOLTAGE
7402.0,17.7,13.423,0.21,38.1,3.717,OVERVOLTAGE
7404.0,17.21,13.251,0.22,37.5,3.786,OVERVOLTAGE
7406.0,17.21,13.288,0.21,39.2,3.614,OVERVOLTAGE
7408.0,16.77,12.892,0.21,38.2,3.522,OVERVOLTAGE
7410.0,16.91,13.011,0.23,38.6,3.889,OVERVOLTAGE
7412.0,18.03,13.955,0.22,38.3,3.967,OVERVOLTAGE
7414.0,17.93,13.58,0.21,38.4,3.765,OVERVOLTAGE
7416.0,17.7,13.491,0.22,37.1,3.894,OVERVOLTAGE
7418.0,17.6,13.545,0.22,38.2,3.872,OVERVOLTAGE
7420.0,17.49,13.422,0.22,38.9,3.848,OVERVOLTAGE
7422.0,17.58,13.467,0.21,38.5,3.692,OVERVOLTAGE
7424.0,18.01,13.494,0.22,36.8,3.962,OVERVOLTAGE
7426.0,17.79,13.587,0.22,38.3,3.914,OVERVOLTAGE
7428.0,17.43,13.315,0.22,37.4,3.835,OVERVOLTAGE
7430.0,17.27,13.174,0.22,37.8,3.799,OVERVOLTAGE
7432.0,17.86,13.83,0.22,38.7,3.929,OVERVOLTAGE
7434.0,17.84,13.725,0.22,38.2,3.925,OVERVOLTAGE
7436.0,17.54,13.346,0.23,38.4,4.034,OVERVOLTAGE
7438.0,17.85,13.549,0.22,37.9,3.927,OVERVOLTAGE
7440.0,17.57,13.463,0.23,38.6,4.041,OVERVOLTAGE
7442.0,17.74,13.385,0.23,37.9,4.08,OVERVOLTAGE
7444.0,18.01,13.48,0.22,37.5,3.962,OVERVOLTAGE
7446.0,17.72,13.601,0.21,37.5,3.721,OVERVOLTAGE
7448.0,17.78,13.446,0.21,37.9,3.734,OVERVOLTAGE
7450.0,17.28,13.178,0.22,37.7,3.802,OVERVOLTAGE
7452.0,16.92,13.059,0.23,38.3,3.892,OVERVOLTAGE
7454.0,18.01,13.467,0.21,37.8,3.782,OVERVOLTAGE
7456.0,18.74,14.067,0.22,38.7,4.123,OVERVOLTAGE
7458.0,17.89,13.504,0.24,38.0,4.294,OVERVOLTAGE
7460.0,17.45,13.44,0.2,38.0,3.49,BORDERLINE_OVERLOAD
7462.0,17.49,13.44,0.22,38.4,3.848,OVERVOLTAGE
7464.0,16.85,12.734,0.22,39.7,3.707,OVERVOLTAGE
7466.0,17.47,13.277,0.24,38.8,4.193,OVERVOLTAGE
7468.0,17.58,13.413,0.22,37.5,3.868,OVERVOLTAGE
7470.0,17.39,13.119,0.22,37.5,3.826,OVERVOLTAGE
7472.0,17.48,13.308,0.23,38.1,4.02,OVERVOLTAGE
7474.0,17.8,13.578,0.22,39.3,3.916,OVERVOLTAGE
7476.0,17.78,13.602,0.21,38.3,3.734,OVERVOLTAGE
7478.0,17.48,13.39,0.22,37.6,3.846,OVERVOLTAGE
7480.0,17.75,13.538,0.22,38.2,3.905,OVERVOLTAGE
7482.0,17.54,13.756,0.22,38.0,3.859,OVERVOLTAGE
7484.0,17.62,13.416,0.23,38.3,4.053,OVERVOLTAGE
7486.0,18.01,13.681,0.152,38.7,2.733,OVERVOLTAGE
7488.0,17.12,13.168,0.22,37.2,3.766,OVERVOLTAGE
7490.0,17.03,13.402,0.22,37.0,3.747,OVERVOLTAGE
7492.0,16.85,13.04,0.22,38.8,3.707,OVERVOLTAGE
7494.0,17.84,13.731,0.22,38.9,3.925,OVERVOLTAGE
7496.0,17.58,13.301,0.22,37.8,3.868,OVERTEMP
7498.0,17.99,13.692,0.23,37.4,4.138,OVERVOLTAGE
7500.0,17.44,13.45,0.22,38.0,3.837,OVERVOLTAGE
7502.0,17.21,13.1,0.21,38.8,3.614,OVERVOLTAGE
7504.0,17.0,13.215,0.22,37.8,3.74,OVERVOLTAGE
7506.0,17.86,13.75,0.23,38.6,4.108,OVERVOLTAGE
7508.0,17.23,13.148,0.22,37.3,3.791,OVERVOLTAGE
7510.0,17.77,13.403,0.22,38.9,3.909,OVERVOLTAGE
7512.0,17.7,13.608,0.21,38.1,3.717,OVERVOLTAGE
7514.0,17.42,13.088,0.22,37.3,3.832,OVERVOLTAGE
7516.0,17.72,13.687,0.23,37.3,4.076,OVERVOLTAGE
7518.0,17.52,13.383,0.21,37.2,3.679,OVERVOLTAGE
7520.0,17.34,13.141,0.21,36.8,3.641,OVERVOLTAGE
7522.0,17.58,13.45,0.22,37.7,3.868,OVERVOLTAGE
7524.0,17.91,13.783,0.22,37.9,3.94,OVERVOLTAGE
7526.0,17.12,12.936,0.22,37.9,3.766,OVERVOLTAGE
7528.0,17.33,13.122,0.2,39.3,3.466,OVERVOLTAGE
7530.0,18.12,13.737,0.22,38.4,3.986,OVERVOLTAGE
7532.0,17.58,13.527,0.23,38.5,4.043,OVERVOLTAGE
7534.0,17.35,13.33,0.22,36.9,3.817,OVERVOLTAGE
7536.0,17.93,13.566,0.23,38.2,4.124,OVERVOLTAGE
7538.0,16.83,12.849,0.23,36.8,3.871,OVERVOLTAGE
7540.0,17.41,13.321,0.22,38.0,3.83,OVERVOLTAGE
7542.0,16.55,12.787,0.22,36.5,3.641,OVERVOLTAGE
7544.0,17.28,13.135,0.2,37.4,3.456,OVERVOLTAGE
7546.0,17.97,13.861,0.22,38.2,3.953,OVERVOLTAGE
7548.0,17.46,13.166,0.23,38.5,4.016,OVERVOLTAGE
7550.0,18.08,13.568,0.21,38.6,3.797,OVERVOLTAGE
7552.0,17.74,13.501,0.24,37.9,4.258,OVERVOLTAGE
7554.0,17.74,13.562,0.22,39.2,3.903,OVERVOLTAGE
7556.0,17.37,13.191,0.22,37.4,3.821,NORMAL
7558.0,17.36,13.546,0.22,37.5,3.819,OVERVOLTAGE
7560.0,17.09,13.159,0.22,38.4,3.76,OVERVOLTAGE
7562.0,17.48,13.388,0.22,38.3,3.846,OVERVOLTAGE
7564.0,17.4,13.143,0.21,37.7,3.654,OVERVOLTAGE
7566.0,17.24,13.417,0.22,38.2,3.793,OVERVOLTAGE
7568.0,17.29,13.389,0.23,38.2,3.977,OVERVOLTAGE
7570.0,17.73,13.571,0.21,36.8,3.723,OVERVOLTAGE
7572.0,17.29,13.239,0.21,37.1,3.631,OVERVOLTAGE
7574.0,18.09,13.769,0.22,38.4,3.98,OVERVOLTAGE
7576.0,16.99,13.008,0.23,37.3,3.908,OVERVOLTAGE
7578.0,17.37,13.326,0.23,37.3,3.995,OVERVOLTAGE
7580.0,17.17,13.408,0.22,35.5,3.777,OVERVOLTAGE
7582.0,17.72,13.455,0.21,37.2,3.721,OVERVOLTAGE
7584.0,17.78,13.805,0.2,37.9,3.556,OVERVOLTAGE
7586.0,17.05,13.131,0.22,39.5,3.751,OVERVOLTAGE
7588.0,17.55,13.576,0.22,37.7,3.861,OVERVOLTAGE
7590.0,17.34,13.125,0.2,37.7,3.468,OVERVOLTAGE
7592.0,17.39,13.381,0.22,38.8,3.826,OVERVOLTAGE
7594.0,17.6,13.144,0.22,37.3,3.872,OVERVOLTAGE
7596.0,17.54,13.323,0.23,37.9,4.034,OVERVOLTAGE
7598.0,17.68,13.66,0.22,39.2,3.89,OVERVOLTAGE
7600.0,17.88,13.725,0.23,37.1,4.112,OVERVOLTAGE
7602.0,17.65,13.533,0.23,38.3,4.059,OVERVOLTAGE
7604.0,18.56,14.049,0.22,38.6,4.083,OVERVOLTAGE
7606.0,17.81,13.812,0.23,38.2,4.096,OVERVOLTAGE
7608.0,17.15,13.234,0.22,38.1,3.773,OVERVOLTAGE
7610.0,17.57,13.263,0.23,37.5,4.041,OVERVOLTAGE
7612.0,17.62,13.448,0.22,38.4,3.876,OVERVOLTAGE
7614.0,17.37,13.234,0.22,38.0,3.821,OVERVOLTAGE
7616.0,17.42,13.336,0.22,38.6,3.832,OVERVOLTAGE
7618.0,23.09,17.782,0.22,37.6,5.08,OVERVOLTAGE
7620.0,17.66,13.563,0.23,38.4,4.062,OVERVOLTAGE
7622.0,17.71,13.336,0.21,38.3,3.719,OVERVOLTAGE
7624.0,17.43,13.361,0.21,38.2,3.66,OVERVOLTAGE
7626.0,17.69,13.465,0.22,37.6,3.892,OVERVOLTAGE
7628.0,17.86,13.412,0.23,37.2,4.108,OVERVOLTAGE
7630.0,17.21,13.04,0.23,38.8,3.958,OVERVOLTAGE
7632.0,17.62,13.642,0.24,38.3,4.229,OVERVOLTAGE
7634.0,17.89,13.647,0.21,37.9,3.757,OVERVOLTAGE
7636.0,17.54,13.001,0.23,38.3,4.034,OVERVOLTAGE
7638.0,16.98,13.03,0.2,38.1,3.396,OVERVOLTAGE
7640.0,17.61,13.54,0.21,38.5,3.698,OVERVOLTAGE
7642.0,17.01,13.253,0.21,38.0,3.572,OVERVOLTAGE
7644.0,18.17,13.963,0.22,37.5,3.997,OVERVOLTAGE
7646.0,17.32,13.253,0.21,36.5,3.637,OVERVOLTAGE
7648.0,17.25,13.212,0.22,36.4,3.795,OVERVOLTAGE
7650.0,16.54,12.652,0.23,38.4,3.804,OVERVOLTAGE
7652.0,17.72,13.629,0.21,38.0,3.721,OVERVOLTAGE
7654.0,16.28,12.479,0.22,38.0,3.582,OVERVOLTAGE
7656.0,18.07,13.506,0.21,37.6,3.795,OVERVOLTAGE
7658.0,18.09,13.776,0.22,37.7,3.98,OVERVOLTAGE
7660.0,17.75,13.605,0.22,39.8,3.905,OVERVOLTAGE
7662.0,17.32,13.04,0.22,37.7,3.81,OVERVOLTAGE
7664.0,17.52,13.272,0.23,37.6,4.03,OVERVOLTAGE
7666.0,18.1,13.632,0.21,36.6,3.801,OVERVOLTAGE
7668.0,16.89,12.907,0.22,37.8,3.716,OVERVOLTAGE
7670.0,17.95,13.891,0.21,38.5,3.769,OVERVOLTAGE
7672.0,17.32,13.361,0.23,37.8,3.984,OVERVOLTAGE
7674.0,16.88,12.813,0.21,37.7,3.545,OVERVOLTAGE
7676.0,17.3,13.171,0.22,38.5,3.806,OVERVOLTAGE
7678.0,17.18,13.017,0.22,37.5,3.78,OVERVOLTAGE
7680.0,16.86,13.039,0.22,37.6,3.709,OVERVOLTAGE
7682.0,16.93,12.841,0.22,39.2,3.725,OVERVOLTAGE
7684.0,17.41,13.509,0.21,37.1,3.656,OVERVOLTAGE
7686.0,17.57,13.464,0.22,36.8,3.865,OVERVOLTAGE
7688.0,17.96,13.537,0.23,38.5,4.131,BORDERLINE_OVERVOLTAGE
7690.0,17.62,13.3,0.23,36.8,4.053,OVERVOLTAGE
7692.0,17.85,13.722,0.23,36.9,4.106,OVERVOLTAGE
7694.0,17.54,13.481,0.23,37.6,4.034,OVERVOLTAGE
7696.0,17.83,13.512,0.22,38.0,3.923,OVERVOLTAGE
7698.0,18.15,13.727,0.22,37.4,3.993,OVERVOLTAGE
7700.0,17.55,13.649,0.23,37.1,4.037,OVERVOLTAGE
7702.0,17.62,13.454,0.22,37.9,3.876,OVERVOLTAGE
7704.0,17.44,13.426,0.23,38.0,4.011,OVERVOLTAGE
7706.0,17.33,13.407,0.22,37.5,3.813,BORDERLINE_OVERVOLTAGE
7708.0,17.17,13.086,0.22,37.8,3.777,OVERVOLTAGE
7710.0,17.78,13.453,0.22,39.0,3.912,OVERVOLTAGE
7712.0,17.57,13.414,0.21,38.3,3.69,OVERVOLTAGE
7714.0,17.44,13.402,0.23,37.6,4.011,OVERVOLTAGE
7716.0,17.2,13.067,0.22,37.2,3.784,OVERVOLTAGE
7718.0,17.47,13.566,0.23,38.1,4.018,OVERVOLTAGE
7720.0,17.59,13.489,0.22,39.1,3.87,OVERVOLTAGE
7722.0,17.25,12.927,0.22,37.8,3.795,OVERVOLTAGE
7724.0,17.87,13.686,0.23,39.3,4.11,OVERVOLTAGE
7726.0,17.4,13.513,0.23,38.6,4.002,OVERVOLTAGE
7728.0,17.48,13.424,0.22,37.5,3.846,OVERVOLTAGE
7730.0,16.89,13.011,0.23,38.4,3.885,OVERVOLTAGE
7732.0,17.55,13.32,0.23,38.6,4.037,OVERVOLTAGE
7734.0,17.27,13.072,0.21,38.4,3.627,OVERVOLTAGE
7736.0,17.93,13.645,0.23,37.4,4.124,OVERVOLTAGE
7738.0,17.51,13.148,0.23,39.1,4.027,OVERVOLTAGE
7740.0,17.37,13.21,0.22,37.0,3.821,OVERVOLTAGE
7742.0,17.67,13.874,0.22,36.9,3.887,OVERVOLTAGE
7744.0,17.6,13.472,0.22,37.2,3.872,OVERVOLTAGE
7746.0,17.44,13.43,0.2,37.3,3.488,OVERVOLTAGE
7748.0,18.27,13.889,0.22,38.8,4.019,OVERVOLTAGE
7750.0,17.47,13.519,0.23,39.1,4.018,OVERVOLTAGE
7752.0,17.08,13.035,0.22,38.2,3.758,OVERVOLTAGE
7754.0,17.65,13.7,0.23,38.7,4.059,OVERVOLTAGE
7756.0,17.37,13.524,0.21,38.2,3.648,OVERVOLTAGE
7758.0,17.31,13.257,0.23,38.5,3.981,OVERVOLTAGE
7760.0,17.5,13.218,0.21,36.4,3.675,OVERVOLTAGE
7762.0,17.35,13.191,0.23,37.9,3.991,OVERVOLTAGE
7764.0,17.15,13.258,0.23,38.9,3.944,OVERVOLTAGE
7766.0,17.74,13.8,0.21,37.8,3.725,OVERVOLTAGE
7768.0,17.94,13.727,0.21,38.0,3.767,OVERVOLTAGE
7770.0,17.2,13.051,0.2,38.1,3.44,OVERVOLTAGE
7772.0,17.19,13.146,0.22,37.9,3.782,OVERVOLTAGE
7774.0,17.15,13.16,0.22,36.8,3.773,OVERVOLTAGE
7776.0,16.38,12.441,0.22,38.6,3.604,OVERVOLTAGE
7778.0,17.78,13.544,0.23,35.7,4.089,OVERVOLTAGE
7780.0,16.37,12.255,0.22,38.0,3.601,OVERVOLTAGE
7782.0,18.26,14.108,0.22,37.4,4.017,OVERVOLTAGE
7784.0,16.79,13.096,0.21,36.4,3.526,OVERVOLTAGE
7786.0,17.63,13.535,0.23,38.2,4.055,OVERVOLTAGE
7788.0,17.53,13.306,0.22,38.1,3.857,OVERVOLTAGE
7790.0,17.48,13.155,0.22,38.1,3.846,OVERVOLTAGE
7792.0,16.97,13.067,0.23,37.8,3.903,OVERVOLTAGE
7794.0,17.07,13.033,0.21,37.4,3.585,OVERVOLTAGE
7796.0,17.24,13.426,0.23,38.1,3.965,OVERVOLTAGE
7798.0,17.66,13.276,0.2,38.7,3.532,OVERVOLTAGE
9046.0,15.78,12.125,0.27,-43.7,4.261,NORMAL
9048.0,15.7,11.989,0.25,-36.8,3.925,NORMAL
9050.0,15.64,11.969,0.25,-29.4,3.91,NORMAL
9052.0,15.52,11.974,0.26,-22.0,4.035,NORMAL
9054.0,15.17,11.602,0.24,-16.3,3.641,NORMAL
9056.0,15.47,12.029,0.25,-10.8,3.868,NORMAL
9058.0,15.65,12.097,0.25,-6.0,3.913,NORMAL
9060.0,15.96,12.436,0.26,-1.6,4.15,NORMAL
9062.0,15.66,12.199,0.25,2.4,3.915,NORMAL
9064.0,15.71,12.164,0.26,6.0,4.085,NORMAL
9066.0,15.36,11.935,0.25,9.2,3.84,NORMAL
9068.0,15.75,12.216,0.25,12.1,3.938,NORMAL
9070.0,15.4,12.054,0.26,14.3,4.004,NORMAL
9072.0,15.59,12.057,0.26,17.0,4.053,NORMAL
9074.0,15.73,12.24,0.26,19.0,4.09,NORMAL
9076.0,15.35,11.964,0.25,21.2,3.837,NORMAL
9078.0,15.71,12.019,0.25,22.9,3.928,NORMAL
9080.0,16.01,12.165,0.25,23.8,4.003,NORMAL
9082.0,15.61,11.905,0.25,26.2,3.902,NORMAL
9084.0,15.61,12.232,0.24,26.7,3.746,NORMAL
9086.0,15.33,11.829,0.25,28.1,3.833,NORMAL
9088.0,15.72,12.341,0.24,29.5,3.773,NORMAL
9090.0,15.61,12.078,0.27,29.7,4.215,NORMAL
9092.0,15.94,12.065,0.25,30.2,3.985,NORMAL
9094.0,16.08,12.225,0.25,31.3,4.02,NORMAL
9096.0,15.82,12.215,0.25,31.9,3.955,NORMAL
9098.0,15.35,11.897,0.25,33.2,3.837,NORMAL
9100.0,15.63,12.284,0.25,33.0,3.908,NORMAL
9102.0,15.41,12.008,0.25,33.7,3.853,NORMAL
9104.0,15.86,12.247,0.25,34.2,3.965,NORMAL
9106.0,15.07,11.582,0.24,34.2,3.617,NORMAL
9108.0,15.32,11.799,0.25,34.8,3.83,NORMAL
9110.0,15.31,11.798,0.25,34.1,3.828,NORMAL
9112.0,15.61,12.057,0.25,34.8,3.902,NORMAL
9114.0,15.36,12.092,0.24,36.0,3.686,NORMAL
9116.0,15.61,12.143,0.24,36.0,3.746,NORMAL
9118.0,15.75,12.159,0.27,35.8,4.253,NORMAL
9120.0,15.96,12.277,0.26,35.5,4.15,NORMAL
9122.0,15.95,12.225,0.27,36.8,4.306,NORMAL
9124.0,15.36,11.752,0.26,37.0,3.994,NORMAL
9126.0,15.55,11.879,0.25,37.0,3.888,NORMAL
9128.0,15.46,11.883,0.24,37.4,3.71,NORMAL
9130.0,15.71,12.087,0.26,37.1,4.085,NORMAL
9132.0,15.65,12.095,0.25,37.7,3.913,NORMAL
9134.0,15.47,11.771,0.26,37.7,4.022,NORMAL
9136.0,15.96,12.401,0.25,37.4,3.99,NORMAL
9138.0,15.47,11.755,0.26,37.2,4.022,OVERTEMP
9140.0,15.37,12.051,0.25,37.0,3.842,NORMAL
9142.0,15.88,12.252,0.26,37.5,4.129,NORMAL
9144.0,15.32,11.892,0.26,37.7,3.983,NORMAL
9146.0,16.0,12.346,0.25,37.5,4.0,NORMAL
9148.0,15.38,11.828,0.25,37.8,3.845,NORMAL
9150.0,15.91,12.323,0.24,38.2,3.818,NORMAL
9152.0,15.47,11.836,0.24,36.7,3.713,NORMAL
9154.0,15.85,12.124,0.25,38.2,3.962,NORMAL
9156.0,15.77,12.13,0.25,37.3,3.942,NORMAL
9158.0,15.44,11.922,0.24,37.7,3.706,NORMAL
9160.0,15.9,12.323,0.26,38.3,4.134,NORMAL
9162.0,15.68,12.151,0.24,37.9,3.763,NORMAL
9164.0,15.94,12.137,0.25,38.4,3.985,NORMAL
9166.0,15.52,11.949,0.25,38.4,3.88,NORMAL
9168.0,15.58,12.202,0.25,37.4,3.895,NORMAL
9170.0,15.39,12.076,0.24,37.9,3.694,NORMAL
9172.0,15.74,12.103,0.25,37.9,3.935,NORMAL
9174.0,15.24,11.922,0.24,38.0,3.658,NORMAL
9176.0,15.68,12.119,0.25,38.6,3.92,NORMAL
9178.0,15.57,12.065,0.24,38.8,3.737,NORMAL
9180.0,15.38,11.744,0.24,38.5,3.691,NORMAL
9182.0,16.03,12.387,0.23,38.6,3.687,NORMAL
9184.0,15.63,12.129,0.25,38.8,3.908,NORMAL
9186.0,15.39,11.874,0.24,38.0,3.694,NORMAL
9188.0,15.24,11.769,0.25,37.7,3.81,NORMAL
9190.0,15.77,12.055,0.26,38.4,4.1,NORMAL
9192.0,15.69,12.134,0.25,37.4,3.922,NORMAL
9194.0,16.03,12.33,0.25,37.2,4.008,OVERVOLTAGE
9196.0,15.32,11.804,0.26,38.2,3.983,NORMAL
9198.0,15.52,11.874,0.25,38.0,3.88,BORDERLINE_OVERTEMP
9200.0,15.28,11.816,0.26,37.8,3.973,NORMAL
9202.0,15.67,11.87,0.25,37.4,3.917,NORMAL
9204.0,15.46,11.881,0.25,37.6,3.865,NORMAL
9206.0,16.1,12.611,0.24,37.6,3.864,NORMAL
9208.0,15.59,12.022,0.25,38.5,3.897,NORMAL
9210.0,15.52,11.844,0.25,37.7,3.88,NORMAL
9212.0,15.57,12.044,0.24,38.0,3.737,NORMAL
9214.0,15.8,12.225,0.26,37.8,4.108,NORMAL
9216.0,15.72,11.983,0.25,37.8,3.93,NORMAL
9218.0,15.72,11.798,0.24,37.9,3.773,NORMAL
9220.0,15.29,11.885,0.24,38.5,3.67,NORMAL
9222.0,15.47,11.912,0.25,38.4,3.868,NORMAL
9224.0,15.28,11.651,0.25,37.9,3.82,NORMAL
9226.0,15.69,12.12,0.25,38.2,3.922,NORMAL
9228.0,15.77,12.095,0.25,38.1,3.942,NORMAL
9230.0,15.46,12.028,0.26,37.1,4.02,NORMAL
9232.0,15.45,11.739,0.25,38.1,3.862,NORMAL
9234.0,15.41,11.793,0.24,37.9,3.698,NORMAL
9236.0,15.97,12.351,0.26,37.1,4.152,NORMAL
9238.0,15.8,12.134,0.25,37.7,3.95,NORMAL
9240.0,15.42,11.882,0.25,37.4,3.855,OVERVOLTAGE
9242.0,15.25,11.799,0.25,37.4,3.812,NORMAL
9244.0,15.44,12.099,0.25,38.5,3.86,NORMAL
9246.0,15.01,11.659,0.24,37.9,3.602,NORMAL
9248.0,15.21,11.757,0.24,38.1,3.65,NORMAL
9250.0,15.69,12.11,0.25,38.2,3.922,NORMAL
9252.0,15.61,12.215,0.25,37.0,3.902,NORMAL
9254.0,15.08,11.733,0.24,37.9,3.619,NORMAL
9256.0,14.9,11.642,0.25,38.4,3.725,NORMAL
9258.0,15.44,11.863,0.25,37.7,3.86,NORMAL
9260.0,15.36,11.868,0.24,38.2,3.686,NORMAL
9262.0,15.72,12.214,0.25,38.3,3.93,NORMAL
9264.0,15.19,11.73,0.24,37.9,3.646,NORMAL
9266.0,15.44,11.932,0.26,38.9,4.014,NORMAL
9268.0,15.62,12.04,0.26,37.1,4.061,NORMAL
9270.0,15.83,12.163,0.25,37.4,3.958,NORMAL
9272.0,15.59,11.958,0.24,39.0,3.742,NORMAL
9274.0,15.33,11.834,0.25,38.4,3.833,NORMAL
9276.0,15.71,12.168,0.24,38.7,3.77,NORMAL
9278.0,15.85,12.093,0.25,38.4,3.962,NORMAL
9280.0,15.49,11.808,0.26,38.7,4.027,NORMAL
9282.0,15.66,12.099,0.25,37.7,3.915,NORMAL
9284.0,15.87,12.276,0.25,37.9,3.967,NORMAL
9286.0,15.52,11.717,0.25,38.6,3.88,NORMAL
9288.0,15.79,12.08,0.24,38.6,3.79,NORMAL
9290.0,15.32,11.706,0.25,38.2,3.83,NORMAL
9292.0,15.31,11.692,0.25,37.5,3.828,NORMAL
9294.0,15.63,12.223,0.24,38.2,3.751,NORMAL
9296.0,15.57,11.859,0.25,38.9,3.893,NORMAL
9298.0,15.88,12.379,0.26,38.4,4.129,NORMAL
9300.0,15.67,12.209,0.25,38.5,3.917,OVERTEMP
9302.0,15.86,12.23,0.25,37.7,3.965,NORMAL
9304.0,15.82,12.217,0.26,37.8,4.113,NORMAL
9306.0,15.29,11.896,0.26,37.6,3.975,NORMAL
9308.0,15.33,11.739,0.26,38.1,3.986,NORMAL
9310.0,15.76,12.103,0.25,38.3,3.94,NORMAL
9312.0,15.2,11.9,0.24,37.8,3.648,NORMAL
9314.0,15.81,12.106,0.26,38.8,4.111,NORMAL
9316.0,15.56,11.773,0.25,37.7,3.89,NORMAL
9318.0,15.6,12.277,0.24,38.0,3.744,NORMAL
9320.0,15.48,11.971,0.25,38.4,3.87,OVERVOLTAGE
9322.0,15.67,11.956,0.25,37.9,3.917,NORMAL
9324.0,15.8,11.993,0.24,38.4,3.792,NORMAL
9326.0,15.83,12.256,0.25,37.4,3.958,NORMAL
9328.0,15.82,11.9,0.25,38.3,3.955,NORMAL
9330.0,15.29,11.584,0.26,37.9,3.975,NORMAL
9332.0,15.44,11.865,0.24,37.9,3.706,NORMAL
9334.0,15.64,12.102,0.25,38.6,3.91,NORMAL
9336.0,15.71,11.948,0.26,37.8,4.085,NORMAL
9338.0,15.88,12.143,0.25,38.1,3.97,NORMAL
9340.0,15.46,12.017,0.26,38.4,4.02,NORMAL
9342.0,15.79,12.136,0.25,38.1,3.947,NORMAL
9344.0,15.88,12.122,0.25,38.2,3.97,NORMAL
9346.0,15.45,12.012,0.25,37.6,3.862,NORMAL
9348.0,15.28,11.583,0.25,38.1,3.82,NORMAL
9350.0,15.5,11.927,0.25,38.2,3.875,NORMAL
9352.0,15.76,12.166,0.25,38.0,3.94,NORMAL
9354.0,15.82,12.097,0.25,37.8,3.955,NORMAL
9356.0,15.52,11.831,0.26,38.3,4.035,NORMAL
9358.0,15.46,11.837,0.25,37.6,3.865,NORMAL
9360.0,15.91,12.396,0.25,38.4,3.978,NORMAL
9362.0,15.43,11.773,0.24,37.9,3.703,NORMAL
9364.0,15.63,12.212,0.25,38.2,3.908,NORMAL
9366.0,15.79,12.211,0.25,37.1,3.947,NORMAL
9368.0,16.0,12.286,0.23,38.3,3.68,NORMAL
9370.0,15.4,11.973,0.26,38.8,4.004,NORMAL
9372.0,15.51,12.063,0.24,38.1,3.722,NORMAL
9374.0,15.51,12.088,0.25,39.3,3.877,NORMAL
9376.0,15.87,12.223,0.24,37.7,3.809,NORMAL
9378.0,15.37,11.797,0.26,38.6,3.996,NORMAL
9380.0,16.02,12.337,0.25,39.2,4.005,NORMAL
9382.0,15.73,12.176,0.26,38.6,4.09,NORMAL
9384.0,15.57,12.02,0.25,37.6,3.893,NORMAL
9386.0,15.34,11.988,0.24,38.0,3.682,BORDERLINE_OVERVOLTAGE
9388.0,15.82,12.109,0.25,38.8,3.955,NORMAL
9390.0,15.15,11.8,0.24,37.5,3.636,NORMAL
9392.0,15.45,11.785,0.25,38.8,3.862,NORMAL
9394.0,15.71,12.264,0.25,37.6,3.928,NORMAL
9396.0,15.53,12.036,0.25,39.0,3.882,NORMAL
9398.0,15.82,12.33,0.26,37.7,4.113,NORMAL
9400.0,15.48,11.864,0.25,37.9,3.87,NORMAL
9402.0,15.79,12.239,0.25,37.8,3.947,NORMAL
9404.0,15.54,12.036,0.25,38.0,3.885,NORMAL
9406.0,15.69,12.059,0.25,38.4,3.922,NORMAL
9408.0,15.45,11.918,0.24,38.4,3.708,NORMAL
9410.0,15.65,11.892,0.26,37.8,4.069,NORMAL
9412.0,15.62,12.214,0.25,37.9,3.905,NORMAL
9414.0,15.02,11.665,0.26,38.4,3.905,NORMAL
9416.0,14.82,11.413,0.26,37.5,3.853,NORMAL
9418.0,15.56,12.101,0.25,38.3,3.89,NORMAL
9420.0,15.79,12.024,0.25,38.2,3.947,NORMAL
9422.0,15.42,11.981,0.26,38.4,4.009,NORMAL
9424.0,15.48,12.066,0.26,37.5,4.025,NORMAL
9426.0,15.54,12.191,0.26,37.3,4.04,NORMAL
9428.0,15.52,11.883,0.25,38.1,3.88,NORMAL
9430.0,15.58,12.067,0.25,37.7,3.895,NORMAL
9432.0,15.39,11.814,0.25,37.4,3.848,NORMAL
9434.0,15.91,12.266,0.24,37.7,3.818,NORMAL
9436.0,15.51,11.999,0.26,37.9,4.033,NORMAL
9438.0,15.82,12.159,0.26,38.1,4.113,NORMAL
9440.0,19.869,14.945,0.25,37.8,4.967,NORMAL
9442.0,15.2,11.739,0.26,36.9,3.952,NORMAL
9444.0,15.55,11.879,0.26,37.2,4.043,NORMAL
9446.0,15.57,11.992,0.25,37.7,3.893,NORMAL
9448.0,15.31,11.814,0.25,36.9,3.828,NORMAL
9450.0,15.46,11.884,0.26,38.8,4.02,NORMAL
9452.0,15.93,12.47,0.25,37.6,3.982,NORMAL
9454.0,15.72,12.141,0.25,38.3,3.93,NORMAL
9456.0,15.58,12.083,0.24,37.9,3.739,NORMAL
9458.0,15.57,11.896,0.26,38.2,4.048,NORMAL
9460.0,15.29,11.843,0.25,37.8,3.822,NORMAL
9462.0,15.43,11.92,0.25,38.5,3.857,NORMAL
9464.0,15.44,11.944,0.25,38.6,3.86,NORMAL
9466.0,15.74,12.403,0.25,38.5,3.935,NORMAL
9468.0,15.41,11.992,0.24,38.1,3.698,NORMAL
9470.0,15.58,12.08,0.24,38.0,3.739,NORMAL
9472.0,15.5,11.981,0.25,38.5,3.875,NORMAL
9474.0,15.59,11.901,0.26,37.6,4.053,NORMAL
9476.0,15.54,12.199,0.25,37.6,3.885,NORMAL
9478.0,16.11,12.36,0.25,38.0,4.027,NORMAL
9480.0,15.86,12.265,0.26,37.2,4.124,NORMAL
9482.0,15.29,11.706,0.26,38.2,3.975,NORMAL
9484.0,15.54,12.105,0.25,38.2,3.885,NORMAL
9486.0,15.33,11.728,0.26,38.7,3.986,NORMAL
9488.0,15.62,11.996,0.26,38.6,4.061,NORMAL
9490.0,15.79,12.08,0.27,38.0,4.263,NORMAL
9492.0,15.64,12.104,0.25,37.8,3.91,NORMAL
9494.0,15.31,11.61,0.25,38.3,3.828,NORMAL
9496.0,15.81,12.11,0.28,37.2,4.427,NORMAL
9498.0,15.67,12.042,0.34,38.0,5.328,NORMAL
9500.0,15.74,11.976,0.35,38.1,5.509,NORMAL
9502.0,15.62,12.057,0.39,37.6,6.092,NORMAL
9504.0,15.64,12.042,0.43,37.3,6.725,NORMAL
9506.0,15.42,11.956,0.45,38.3,6.939,NORMAL
9508.0,15.44,11.703,0.47,37.3,7.257,NORMAL
9510.0,15.3,11.459,0.48,38.3,7.344,BORDERLINE_OVERLOAD
9512.0,15.91,12.254,0.5,37.3,7.955,NORMAL
9514.0,15.86,12.04,0.52,38.5,8.247,NORMAL
9516.0,15.5,12.028,0.51,38.8,7.905,NORMAL
9518.0,16.27,12.479,0.53,37.7,8.623,NORMAL
9520.0,15.92,12.261,0.54,38.1,8.597,NORMAL
9522.0,15.61,12.008,0.55,37.9,8.585,NORMAL
9524.0,15.6,11.922,0.58,38.8,9.048,NORMAL
9526.0,15.51,11.895,0.56,38.1,8.686,BORDERLINE_OVERLOAD
9528.0,15.66,12.124,0.6,36.8,9.396,NORMAL
9530.0,15.49,12.088,0.6,37.6,9.294,BORDERLINE_OVERLOAD
9532.0,15.81,12.08,0.6,38.4,9.486,NORMAL
9534.0,15.46,12.096,0.61,37.6,9.431,BORDERLINE_OVERLOAD
9536.0,15.52,11.882,0.61,39.0,9.467,BORDERLINE_OVERLOAD
9538.0,15.62,11.997,0.63,38.4,9.841,OVERLOAD
9540.0,15.48,11.904,0.61,38.7,9.443,OVERLOAD
9542.0,15.62,12.055,0.61,38.3,9.528,OVERLOAD
9544.0,15.37,11.761,0.61,37.1,9.376,NORMAL
9546.0,15.79,12.224,0.485,38.3,7.663,BORDERLINE_OVERLOAD
9548.0,15.57,12.218,0.64,38.1,9.965,NORMAL
9550.0,15.58,12.097,0.415,38.4,6.466,NORMAL
9552.0,15.13,11.638,0.57,37.9,8.624,NORMAL
9554.0,15.25,11.622,0.52,38.0,7.93,BORDERLINE_OVERLOAD
9556.0,15.26,11.805,0.5,38.4,7.63,BORDERLINE_OVERLOAD
9558.0,15.87,12.102,0.47,38.0,7.459,NORMAL
9560.0,15.23,11.597,0.47,38.5,7.158,NORMAL
9562.0,15.64,12.002,0.43,37.9,6.725,NORMAL
9564.0,15.69,12.072,0.42,38.2,6.59,NORMAL
9566.0,15.56,12.003,0.41,38.2,6.38,NORMAL
9568.0,15.59,12.114,0.38,37.8,5.924,NORMAL
9570.0,15.35,11.712,0.36,38.3,5.526,NORMAL
9572.0,15.23,11.608,0.36,37.2,5.483,NORMAL
9574.0,15.78,12.004,0.34,38.6,5.365,NORMAL
9576.0,15.58,12.132,0.34,37.5,5.297,NORMAL
9578.0,15.72,12.154,0.31,38.0,4.873,NORMAL
9580.0,15.46,12.187,0.31,38.1,4.793,NORMAL
9582.0,15.51,11.985,0.33,37.7,5.118,NORMAL
9584.0,15.78,12.238,0.31,37.9,4.892,NORMAL
9586.0,16.04,12.31,0.3,37.8,4.812,NORMAL
9588.0,16.19,12.297,0.3,37.7,4.857,NORMAL
9590.0,15.17,11.672,0.29,38.3,4.399,NORMAL
9592.0,15.6,12.081,0.28,38.1,4.368,NORMAL
9594.0,15.47,11.965,0.3,37.6,4.641,NORMAL
9596.0,15.8,11.99,0.28,37.9,4.424,NORMAL
9598.0,15.92,12.331,0.28,38.2,4.458,NORMAL
9600.0,15.45,11.783,0.27,38.6,4.171,NORMAL
9602.0,16.1,12.393,0.27,37.5,4.347,NORMAL
9604.0,16.12,12.449,0.26,37.9,4.191,NORMAL
9606.0,15.61,11.958,0.27,37.7,4.215,NORMAL
9608.0,15.57,11.955,0.26,38.0,4.048,NORMAL
9610.0,15.49,11.917,0.27,37.2,4.182,NORMAL
9612.0,16.14,12.411,0.26,38.6,4.196,NORMAL
9614.0,15.46,12.097,0.25,38.1,3.865,BORDERLINE_OVERTEMP
9616.0,15.51,12.0,0.26,38.5,4.033,NORMAL
9618.0,15.23,11.757,0.26,38.7,3.96,NORMAL
9620.0,14.96,11.358,0.26,37.9,3.89,NORMAL
9622.0,15.21,11.64,0.26,37.7,3.955,NORMAL
9624.0,15.59,11.991,0.25,38.0,3.897,NORMAL
9626.0,15.32,11.83,0.25,38.2,3.83,NORMAL
9628.0,15.58,12.111,0.27,38.3,4.207,NORMAL
9630.0,15.56,12.088,0.26,37.8,4.046,NORMAL
9632.0,15.57,11.999,0.26,38.1,4.048,NORMAL
9634.0,16.29,12.597,0.25,37.7,4.072,NORMAL
9636.0,15.46,11.982,0.25,37.5,3.865,NORMAL
9638.0,15.72,11.883,0.25,38.3,3.93,NORMAL
9640.0,15.43,11.694,0.25,37.5,3.857,NORMAL
9642.0,15.53,11.908,0.26,38.6,4.038,NORMAL
9644.0,15.77,12.1,0.26,38.6,4.1,NORMAL
9646.0,15.18,11.641,0.25,37.5,3.795,NORMAL
9648.0,15.53,12.057,0.25,38.1,3.882,NORMAL
9650.0,15.51,12.071,0.25,38.0,3.877,NORMAL
9652.0,15.56,11.975,0.25,37.8,3.89,NORMAL
9654.0,15.42,11.766,0.25,38.4,3.855,NORMAL
9656.0,15.53,12.072,0.26,37.8,4.038,NORMAL
9658.0,15.46,12.08,0.24,37.3,3.71,NORMAL
9660.0,15.33,11.988,0.26,37.5,3.986,NORMAL
9662.0,16.12,12.486,0.24,37.5,3.869,NORMAL
9664.0,15.72,12.348,0.26,37.7,4.087,NORMAL
9666.0,15.63,11.899,0.24,37.9,3.751,NORMAL
9668.0,15.97,12.226,0.25,38.2,3.993,NORMAL
9670.0,15.46,12.079,0.24,38.3,3.71,NORMAL
9672.0,15.39,11.679,0.24,38.4,3.694,NORMAL
9674.0,15.89,12.258,0.24,37.5,3.814,NORMAL
9676.0,15.36,11.565,0.25,38.2,3.84,NORMAL
9678.0,15.98,12.166,0.25,37.4,3.995,NORMAL
9680.0,15.83,12.102,0.25,38.6,3.958,NORMAL
9682.0,15.67,12.208,0.25,38.3,3.917,NORMAL
9684.0,15.43,11.896,0.25,37.7,3.857,NORMAL
9686.0,15.76,11.998,0.24,38.5,3.782,NORMAL
9688.0,15.53,12.014,0.26,38.1,4.038,NORMAL
9690.0,15.32,11.755,0.24,38.4,3.677,NORMAL
9692.0,15.48,11.97,0.26,37.5,4.025,NORMAL
9694.0,15.61,11.96,0.25,37.8,3.902,NORMAL
9696.0,15.35,11.961,0.25,37.7,3.837,NORMAL
9698.0,15.55,11.938,0.24,37.9,3.732,NORMAL
9700.0,15.84,12.364,0.25,37.9,3.96,NORMAL
9702.0,15.72,12.0,0.26,38.6,4.087,NORMAL
9704.0,15.83,12.306,0.26,38.7,4.116,NORMAL
9706.0,15.83,12.142,0.25,37.6,3.958,NORMAL
9708.0,15.21,11.899,0.26,37.9,3.955,NORMAL
9710.0,15.31,11.666,0.26,37.8,3.981,NORMAL
9712.0,15.98,12.296,0.26,38.1,4.155,NORMAL
9714.0,15.7,12.044,0.25,37.6,3.925,NORMAL
9716.0,16.06,12.407,0.27,38.7,4.336,NORMAL
9718.0,15.52,11.9,0.25,37.7,3.88,NORMAL
9720.0,16.1,12.257,0.26,38.3,4.186,NORMAL
9722.0,15.81,12.206,0.25,37.0,3.953,NORMAL
9724.0,15.4,11.822,0.24,37.9,3.696,NORMAL
9726.0,15.59,12.198,0.25,37.1,3.897,NORMAL
9728.0,15.37,11.847,0.24,37.9,3.689,NORMAL
9730.0,15.94,12.297,0.25,38.3,3.985,NORMAL
9732.0,15.65,12.028,0.157,37.1,2.458,NORMAL
9734.0,15.87,12.265,0.27,37.5,4.285,NORMAL
9736.0,15.47,12.005,0.26,37.4,4.022,NORMAL
9738.0,15.27,11.915,0.25,38.0,3.817,NORMAL
9740.0,15.35,11.878,0.25,38.0,3.837,NORMAL
9742.0,15.82,12.109,0.24,38.4,3.797,NORMAL
9744.0,15.86,12.134,0.25,37.9,3.965,NORMAL
9746.0,15.79,12.019,0.26,37.8,4.105,NORMAL
9748.0,15.76,12.007,0.24,37.4,3.782,NORMAL
9750.0,15.5,11.816,0.24,37.1,3.72,NORMAL
9752.0,15.75,12.365,0.24,37.8,3.78,NORMAL
9754.0,15.59,12.276,0.25,37.6,3.897,NORMAL
9756.0,15.47,11.909,0.25,38.6,3.868,NORMAL
9758.0,15.61,12.074,0.25,37.9,3.902,NORMAL
9760.0,15.73,12.041,0.25,37.7,3.933,NORMAL
9762.0,15.27,11.9,0.24,38.1,3.665,NORMAL
9764.0,15.8,12.03,0.24,37.9,3.792,NORMAL
9766.0,15.63,12.042,0.25,38.3,3.908,NORMAL
9768.0,15.16,11.722,0.24,38.0,3.638,NORMAL
9770.0,15.27,11.624,0.24,38.0,3.665,NORMAL
9772.0,15.21,11.644,0.25,37.8,3.803,NORMAL
9774.0,15.44,11.918,0.25,37.7,3.86,NORMAL
9776.0,15.51,12.059,0.25,38.4,3.877,NORMAL
9778.0,15.9,12.182,0.26,38.1,4.134,NORMAL
9780.0,15.51,12.042,0.24,38.0,3.722,NORMAL
9782.0,15.43,11.927,0.25,37.7,3.857,NORMAL
9784.0,15.47,11.991,0.25,37.7,3.868,NORMAL
9786.0,15.58,11.959,0.25,38.1,3.895,NORMAL
9788.0,15.86,12.035,0.24,37.9,3.806,NORMAL
9790.0,15.52,12.058,0.24,38.3,3.725,NORMAL
9792.0,15.78,12.053,0.25,37.6,3.945,NORMAL
9794.0,15.96,12.214,0.26,38.1,4.15,NORMAL
9796.0,15.92,12.415,0.155,38.1,2.468,NORMAL
9798.0,15.4,11.876,0.26,38.2,4.004,NORMAL
9800.0,15.37,11.691,0.25,38.1,3.842,NORMAL
9802.0,15.63,11.875,0.25,38.4,3.908,NORMAL
9804.0,15.91,12.115,0.26,38.2,4.137,NORMAL
9806.0,15.52,11.969,0.25,38.1,3.88,NORMAL
9808.0,15.67,12.017,0.25,38.1,3.917,NORMAL
9810.0,15.52,12.141,0.25,38.9,3.88,NORMAL
9812.0,15.73,12.137,0.26,38.4,4.09,NORMAL
9814.0,15.25,11.642,0.25,37.8,3.812,NORMAL
9816.0,15.25,11.638,0.25,38.1,3.812,NORMAL
9818.0,15.43,11.923,0.26,37.6,4.012,NORMAL
9820.0,15.56,12.005,0.25,37.6,3.89,NORMAL
9822.0,15.64,12.092,0.25,38.0,3.91,NORMAL
9824.0,16.11,12.096,0.27,37.7,4.35,NORMAL
9826.0,15.74,12.156,0.25,38.5,3.935,NORMAL
9828.0,15.61,11.863,0.26,38.6,4.059,NORMAL
9830.0,15.41,11.861,0.25,38.0,3.853,NORMAL
9832.0,15.7,12.163,0.26,38.8,4.082,NORMAL
9834.0,15.4,11.942,0.25,38.0,3.85,NORMAL
9836.0,15.69,12.133,0.26,37.8,4.079,NORMAL
9838.0,16.15,12.294,0.25,38.1,4.037,NORMAL
9840.0,15.62,12.055,0.25,38.5,3.905,NORMAL
9842.0,15.38,11.98,0.26,38.1,3.999,NORMAL
9844.0,15.33,11.782,0.25,38.4,3.833,NORMAL
9846.0,15.31,11.951,0.25,38.6,3.828,NORMAL
9848.0,15.5,11.896,0.24,37.8,3.72,NORMAL
9850.0,15.7,12.227,0.25,37.7,3.925,NORMAL
9852.0,15.63,11.752,0.25,37.2,3.908,OVERTEMP
9854.0,15.26,11.506,0.25,38.3,3.815,NORMAL
9856.0,15.97,12.175,0.25,38.6,3.993,NORMAL
9858.0,15.72,12.079,0.25,38.4,3.93,NORMAL
9860.0,15.71,12.13,0.26,37.7,4.085,NORMAL
9862.0,15.16,11.566,0.25,38.9,3.79,NORMAL
9864.0,15.58,12.028,0.26,38.0,4.051,NORMAL
9866.0,15.51,11.964,0.25,38.0,3.877,NORMAL
9868.0,15.32,11.775,0.25,38.7,3.83,NORMAL
9870.0,15.31,11.659,0.25,37.7,3.828,NORMAL
9872.0,15.63,12.062,0.25,37.7,3.908,NORMAL
9874.0,15.24,11.541,0.24,38.3,3.658,NORMAL
9876.0,15.37,11.911,0.24,37.8,3.689,NORMAL
9878.0,15.63,11.932,0.26,38.5,4.064,NORMAL
9880.0,15.32,11.894,0.27,38.5,4.136,NORMAL
9882.0,15.62,12.056,0.25,37.3,3.905,NORMAL
9884.0,15.62,12.219,0.24,37.8,3.749,NORMAL
9886.0,15.57,11.939,0.26,37.2,4.048,NORMAL
9888.0,15.24,11.805,0.24,37.6,3.658,NORMAL
9890.0,15.66,12.243,0.25,37.0,3.915,NORMAL
9892.0,15.53,11.998,0.24,38.1,3.727,NORMAL
9894.0,15.52,12.057,0.25,37.5,3.88,NORMAL
9896.0,15.37,12.003,0.25,38.3,3.842,NORMAL
9898.0,15.97,12.095,0.26,37.9,4.152,NORMAL
9900.0,15.93,12.369,0.26,37.7,4.142,NORMAL
9902.0,15.52,12.203,0.26,37.8,4.035,NORMAL
9904.0,15.78,12.199,0.26,37.8,4.103,NORMAL
9906.0,15.37,12.144,0.26,38.4,3.996,NORMAL
9908.0,15.71,12.166,0.25,37.8,3.928,NORMAL
9910.0,15.51,11.917,0.25,38.1,3.877,NORMAL
9912.0,15.61,12.159,0.25,37.8,3.902,NORMAL
9914.0,15.64,12.102,0.25,37.3,3.91,NORMAL
9916.0,15.72,11.83,0.25,39.0,3.93,NORMAL
9918.0,15.78,12.171,0.25,38.2,3.945,NORMAL
9920.0,15.73,12.151,0.26,37.7,4.09,NORMAL
9922.0,15.56,11.927,0.24,38.3,3.734,NORMAL
9924.0,15.25,11.896,0.25,37.6,3.812,NORMAL
9926.0,15.64,12.156,0.26,37.7,4.066,NORMAL
9928.0,16.26,12.576,0.25,38.4,4.065,NORMAL
9930.0,15.27,11.759,0.25,38.1,3.817,NORMAL
9932.0,15.39,12.127,0.25,37.6,3.848,NORMAL
9934.0,15.63,12.01,0.24,37.8,3.751,NORMAL
9936.0,16.16,12.352,0.24,37.9,3.878,NORMAL
9938.0,15.72,12.084,0.25,37.5,3.93,NORMAL
9940.0,15.53,12.115,0.25,37.8,3.882,NORMAL
9942.0,15.53,11.98,0.24,37.8,3.727,NORMAL
9944.0,15.29,11.972,0.26,38.4,3.975,NORMAL
9946.0,15.69,11.982,0.24,38.7,3.766,NORMAL
9948.0,15.42,12.021,0.25,38.6,3.855,NORMAL
9950.0,15.81,12.213,0.25,37.9,3.953,NORMAL
9952.0,15.57,12.072,0.26,38.4,4.048,NORMAL
9954.0,15.01,11.625,0.25,38.0,3.752,NORMAL
9956.0,15.42,11.853,0.24,38.2,3.701,NORMAL
9958.0,15.73,12.236,0.25,38.6,3.933,NORMAL
9960.0,15.67,12.12,0.25,38.4,3.917,NORMAL
9962.0,15.66,11.914,0.26,38.7,4.072,NORMAL
9964.0,15.35,11.838,0.25,37.3,3.837,NORMAL
9966.0,15.74,12.258,0.25,37.8,3.935,NORMAL
9968.0,15.63,12.029,0.25,38.5,3.908,NORMAL
9970.0,16.08,12.242,0.25,38.9,4.02,NORMAL
9972.0,15.72,12.05,0.25,38.5,3.93,NORMAL
9974.0,15.67,11.993,0.28,38.4,4.388,NORMAL
9976.0,15.99,12.415,0.3,37.4,4.797,NORMAL
9978.0,15.46,11.767,0.33,37.9,5.102,NORMAL
9980.0,15.58,12.036,0.36,38.5,5.609,NORMAL
9982.0,15.86,12.255,0.36,37.9,5.71,NORMAL
9984.0,15.57,11.752,0.39,37.5,6.072,OVERVOLTAGE
9986.0,15.79,12.104,0.41,38.4,6.474,NORMAL
9988.0,15.43,11.875,0.42,38.4,6.481,NORMAL
9990.0,15.79,12.148,0.42,37.9,6.632,OVERVOLTAGE
9992.0,15.89,12.063,0.45,38.8,7.151,NORMAL
9994.0,15.63,11.946,0.46,38.3,7.19,NORMAL
9996.0,15.99,12.296,0.47,37.5,7.515,OVERVOLTAGE
9998.0,15.53,11.979,0.51,38.5,7.92,NORMAL
10000.0,15.57,11.652,0.49,38.5,7.629,BORDERLINE_OVERLOAD
10002.0,15.75,12.235,0.49,37.4,7.718,NORMAL
10004.0,16.13,12.621,0.5,38.5,8.065,BORDERLINE_OVERLOAD
10006.0,15.41,11.859,0.48,38.3,7.397,NORMAL
10008.0,15.28,11.779,0.5,38.3,7.64,NORMAL
10010.0,15.42,11.666,0.51,38.0,7.864,NORMAL
10012.0,15.57,11.814,0.5,38.3,7.785,NORMAL
10014.0,15.84,12.228,0.51,37.8,8.078,NORMAL
10016.0,15.4,11.815,0.52,37.7,8.008,NORMAL
10018.0,15.69,12.116,0.51,37.4,8.002,NORMAL
10020.0,15.59,12.022,0.53,38.1,8.263,NORMAL
10022.0,15.74,11.91,0.53,37.1,8.342,NORMAL
10024.0,16.05,12.298,0.53,38.4,8.507,BORDERLINE_OVERLOAD
10026.0,15.59,12.046,0.53,39.1,8.263,NORMAL
10028.0,15.47,11.911,0.51,38.9,7.89,NORMAL
10030.0,15.77,12.225,0.55,37.8,8.674,NORMAL
10032.0,15.46,11.905,0.52,38.5,8.039,NORMAL
10034.0,15.72,11.919,0.54,38.3,8.489,BORDERLINE_OVERLOAD
10036.0,15.46,11.975,0.54,37.6,8.348,NORMAL
10038.0,15.88,12.256,0.56,37.8,8.893,NORMAL
10040.0,15.7,12.314,0.55,37.6,8.635,NORMAL
10042.0,15.82,12.243,0.56,38.5,8.859,NORMAL
10044.0,15.36,11.902,0.54,37.2,8.294,BORDERLINE_OVERLOAD
10046.0,15.56,11.94,0.54,38.5,8.402,NORMAL
10048.0,15.54,11.948,0.54,37.2,8.392,NORMAL
10050.0,15.02,11.664,0.54,38.4,8.111,OVERVOLTAGE
10052.0,15.46,11.923,0.55,37.5,8.503,NORMAL
10054.0,16.29,12.531,0.57,38.0,9.285,NORMAL
10056.0,15.37,11.798,0.54,38.2,8.3,NORMAL
10058.0,15.81,12.184,0.54,38.2,8.537,NORMAL
10060.0,15.21,11.698,0.5,37.5,7.605,NORMAL
10062.0,15.82,12.128,0.48,37.8,7.594,NORMAL
10064.0,15.44,11.717,0.43,37.7,6.639,NORMAL
10066.0,15.76,12.02,0.43,38.3,6.777,NORMAL
10068.0,15.32,11.807,0.41,38.0,6.281,NORMAL
10070.0,15.53,12.209,0.41,38.2,6.367,NORMAL
10072.0,15.9,12.307,0.39,37.5,6.201,NORMAL
10074.0,15.5,11.917,0.35,38.7,5.425,NORMAL
10076.0,15.35,11.764,0.35,37.6,5.372,NORMAL
10078.0,15.55,12.186,0.36,37.7,5.598,NORMAL
10080.0,15.8,12.166,0.34,38.3,5.372,NORMAL
10082.0,15.9,12.271,0.33,37.2,5.247,NORMAL
10084.0,15.78,12.075,0.32,38.1,5.05,NORMAL
10086.0,15.28,11.875,0.3,37.3,4.584,NORMAL
10088.0,15.02,11.58,0.3,37.7,4.506,NORMAL
10090.0,15.17,11.851,0.3,37.4,4.551,NORMAL
10092.0,15.45,11.946,0.29,38.0,4.48,NORMAL
10094.0,15.61,12.086,0.29,38.2,4.527,NORMAL
10096.0,15.42,11.979,0.29,38.5,4.472,NORMAL
10098.0,15.82,12.08,0.28,37.6,4.43,NORMAL
10100.0,15.67,12.191,0.29,39.3,4.544,NORMAL
10102.0,15.33,11.806,0.27,39.0,4.139,NORMAL
10104.0,15.61,12.09,0.27,38.7,4.215,NORMAL
10106.0,15.42,11.901,0.26,38.1,4.009,NORMAL
10108.0,15.79,12.091,0.27,37.9,4.263,NORMAL
10110.0,15.56,11.996,0.26,37.9,4.046,NORMAL
10112.0,15.39,11.774,0.27,37.8,4.155,NORMAL
10114.0,15.52,12.017,0.27,38.0,4.19,NORMAL
10116.0,15.81,12.041,0.27,38.1,4.269,NORMAL
10118.0,15.54,12.218,0.25,38.8,3.885,NORMAL
10120.0,15.75,12.173,0.27,38.1,4.253,NORMAL
10122.0,15.23,11.794,0.26,37.6,3.96,NORMAL
10124.0,15.59,12.05,0.27,38.4,4.209,NORMAL
10126.0,15.54,12.02,0.27,38.0,4.196,NORMAL
10128.0,15.61,11.794,0.25,38.0,3.902,NORMAL
10130.0,15.24,11.809,0.26,38.7,3.962,NORMAL
10132.0,15.43,11.835,0.25,38.4,3.857,NORMAL
10134.0,15.75,12.133,0.26,38.2,4.095,NORMAL
10136.0,15.69,11.97,0.25,37.7,3.922,NORMAL
10138.0,15.04,11.711,0.25,38.7,3.76,NORMAL
10140.0,15.65,12.044,0.25,38.5,3.913,NORMAL
10142.0,15.97,12.18,0.25,37.7,3.993,NORMAL
10144.0,15.25,11.691,0.25,38.0,3.812,NORMAL
10146.0,14.7,11.453,0.26,37.2,3.822,NORMAL
10148.0,15.61,11.969,0.27,38.5,4.215,NORMAL
10150.0,15.44,11.932,0.26,37.3,4.014,NORMAL
10152.0,15.57,12.024,0.25,38.2,3.893,NORMAL
10154.0,15.71,12.112,0.25,38.2,3.928,NORMAL
10156.0,15.45,11.824,0.25,37.7,3.862,NORMAL
10158.0,15.52,12.076,0.25,38.0,3.88,NORMAL
10160.0,15.48,11.865,0.25,38.1,3.87,NORMAL
10162.0,15.62,12.064,0.26,38.1,4.061,NORMAL
10164.0,15.43,11.704,0.26,37.7,4.012,NORMAL
10166.0,15.8,12.098,0.25,37.9,3.95,NORMAL
10168.0,16.04,12.354,0.25,38.3,4.01,NORMAL
10170.0,15.66,11.889,0.26,37.9,4.072,NORMAL
10172.0,15.8,12.221,0.25,38.0,3.95,NORMAL
10174.0,15.51,11.888,0.25,37.9,3.877,NORMAL
10176.0,15.88,12.328,0.24,39.1,3.811,NORMAL
10178.0,15.18,11.772,0.25,37.9,3.795,NORMAL
10180.0,15.37,11.772,0.25,37.9,3.842,NORMAL
10182.0,15.39,11.931,0.26,37.2,4.001,NORMAL
10184.0,15.79,12.298,0.25,38.0,3.947,NORMAL
10186.0,15.44,12.048,0.25,37.8,3.86,NORMAL
10188.0,15.9,12.335,0.24,38.5,3.816,NORMAL
10190.0,15.96,12.418,0.25,38.0,3.99,NORMAL
10192.0,15.76,12.154,0.26,38.4,4.098,NORMAL
10194.0,16.096,12.347,0.25,37.3,4.024,NORMAL
10196.0,15.82,12.219,0.25,38.5,3.955,NORMAL
10198.0,15.51,11.976,0.25,38.2,3.877,NORMAL
10200.0,15.64,12.323,0.25,37.8,3.91,NORMAL
10202.0,15.89,12.237,0.24,36.9,3.814,NORMAL
10204.0,15.81,12.178,0.25,38.5,3.953,NORMAL
10206.0,15.56,11.96,0.25,37.8,3.89,NORMAL
10208.0,15.76,12.22,0.25,38.9,3.94,NORMAL
10210.0,15.75,12.09,0.25,38.4,3.938,NORMAL
10212.0,15.67,12.107,0.24,38.5,3.761,NORMAL
10214.0,16.06,12.356,0.27,38.3,4.336,NORMAL
10216.0,15.38,11.931,0.26,38.1,3.999,NORMAL
10218.0,16.0,12.276,0.24,37.6,3.84,NORMAL
10220.0,15.79,12.249,0.25,37.6,3.947,NORMAL
10222.0,15.32,11.759,0.24,37.9,3.677,NORMAL
10224.0,15.81,12.141,0.25,38.8,3.953,NORMAL
10226.0,15.57,12.181,0.26,38.0,4.048,NORMAL
10228.0,15.73,12.225,0.24,38.5,3.775,NORMAL
10230.0,15.82,12.107,0.24,37.7,3.797,NORMAL
10232.0,15.4,11.877,0.26,38.0,4.004,NORMAL
10234.0,15.73,12.036,0.25,36.5,3.933,NORMAL
10236.0,15.27,11.791,0.25,37.9,3.817,NORMAL
10238.0,15.11,11.841,0.25,38.5,3.777,BORDERLINE_OVERLOAD
10240.0,15.77,12.231,0.24,38.6,3.785,NORMAL
10242.0,15.57,11.93,0.24,38.4,3.737,NORMAL
10244.0,15.68,12.064,0.25,38.7,3.92,NORMAL
10246.0,15.6,12.121,0.26,37.7,4.056,NORMAL
10248.0,15.55,12.07,0.24,38.0,3.732,NORMAL
10250.0,15.92,12.128,0.26,37.9,4.139,NORMAL
10252.0,15.53,11.932,0.24,37.9,3.727,NORMAL
10254.0,15.77,12.055,0.24,37.7,3.785,NORMAL
10256.0,15.88,12.205,0.24,38.1,3.811,NORMAL
10258.0,15.84,12.125,0.25,38.1,3.96,NORMAL
10260.0,15.17,11.534,0.25,38.2,3.792,NORMAL
10262.0,15.31,11.7,0.25,38.2,3.828,NORMAL
10264.0,15.47,11.776,0.24,38.6,3.713,NORMAL
10266.0,15.73,12.019,0.25,38.6,3.933,NORMAL
10268.0,15.61,12.101,0.24,37.1,3.746,NORMAL
10270.0,15.18,11.813,0.25,38.5,3.795,NORMAL
10272.0,15.44,12.069,0.24,38.2,3.706,NORMAL
10274.0,15.45,11.985,0.24,37.8,3.708,NORMAL
10276.0,15.89,12.514,0.24,37.3,3.814,NORMAL
10278.0,15.56,12.053,0.25,37.7,3.89,NORMAL
10280.0,15.82,12.138,0.25,38.8,3.955,NORMAL
10282.0,15.54,12.008,0.25,38.2,3.885,NORMAL
10284.0,15.3,11.742,0.25,37.8,3.825,NORMAL
10286.0,15.61,11.715,0.24,37.5,3.746,NORMAL
10288.0,16.01,12.23,0.25,37.9,4.003,NORMAL
10290.0,14.93,11.658,0.25,38.3,3.732,NORMAL
10292.0,15.75,12.089,0.25,38.6,3.938,NORMAL
10294.0,15.85,12.077,0.25,37.6,3.962,NORMAL
10296.0,15.35,11.723,0.25,37.7,3.837,NORMAL
10298.0,15.77,12.205,0.25,38.4,3.942,NORMAL
10300.0,15.42,11.786,0.25,38.1,3.855,NORMAL
10302.0,15.34,11.79,0.25,38.9,3.835,NORMAL
10304.0,15.89,12.338,0.25,38.4,3.973,NORMAL
10306.0,15.82,12.224,0.25,38.6,3.955,NORMAL
10308.0,16.0,12.34,0.24,38.2,3.84,NORMAL
10310.0,15.38,11.789,0.25,37.3,3.845,NORMAL
10312.0,15.13,11.944,0.26,37.9,3.934,NORMAL
10314.0,15.79,12.03,0.25,37.7,3.947,NORMAL
10316.0,15.72,11.924,0.25,37.4,3.93,NORMAL
10318.0,15.38,11.891,0.26,39.0,3.999,NORMAL
10320.0,15.63,12.209,0.25,37.6,3.908,NORMAL
10322.0,16.04,12.278,0.24,38.0,3.85,NORMAL
10324.0,15.5,12.008,0.26,37.4,4.03,NORMAL
10326.0,15.77,12.161,0.25,38.4,3.942,NORMAL
10328.0,15.88,12.212,0.24,37.8,3.811,NORMAL
10330.0,14.97,11.687,0.24,37.6,3.593,NORMAL
10332.0,15.43,11.71,0.24,38.4,3.703,NORMAL
10334.0,15.12,11.518,0.25,37.3,3.78,NORMAL
10336.0,15.73,12.249,0.26,38.4,4.09,NORMAL
10338.0,15.89,12.163,0.24,38.2,3.814,NORMAL
10340.0,15.43,11.694,0.25,37.2,3.857,NORMAL
10342.0,15.75,12.022,0.25,38.1,3.938,NORMAL
10344.0,15.77,12.0,0.25,38.0,3.942,NORMAL
10346.0,15.5,11.913,0.26,38.6,4.03,NORMAL
10348.0,15.54,11.911,0.25,38.1,3.885,NORMAL
10350.0,14.92,11.471,0.26,38.8,3.879,NORMAL
10352.0,15.35,11.964,0.25,37.9,3.837,NORMAL
10354.0,15.61,12.134,0.25,37.4,3.902,NORMAL
10356.0,15.74,12.344,0.26,37.6,4.092,NORMAL
10358.0,15.19,11.64,0.25,37.1,3.797,NORMAL
10360.0,15.97,12.221,0.26,37.8,4.152,NORMAL
10362.0,15.62,11.982,0.25,38.6,3.905,NORMAL
10364.0,15.22,11.601,0.25,37.8,3.805,NORMAL
10366.0,15.67,11.964,0.25,38.1,3.917,NORMAL
10368.0,15.71,12.071,0.24,37.6,3.77,NORMAL
10370.0,16.01,12.487,0.25,38.5,4.003,NORMAL
10372.0,16.44,12.744,0.25,38.6,4.11,NORMAL
10374.0,15.83,12.125,0.26,37.8,4.116,NORMAL
10376.0,15.67,12.261,0.25,38.1,3.917,NORMAL
10378.0,15.49,11.918,0.25,38.1,3.873,NORMAL
10380.0,15.15,11.873,0.25,38.3,3.788,NORMAL
10382.0,15.33,11.586,0.24,38.0,3.679,BORDERLINE_OVERVOLTAGE
10384.0,15.5,11.86,0.24,38.6,3.72,NORMAL
10386.0,15.99,12.167,0.26,37.7,4.157,NORMAL
10388.0,15.55,11.894,0.25,38.2,3.888,NORMAL
10390.0,15.77,12.056,0.25,37.8,3.942,NORMAL
10392.0,15.56,12.005,0.24,38.0,3.734,NORMAL
10394.0,15.66,12.186,0.26,37.9,4.072,NORMAL
10396.0,15.65,12.051,0.25,37.9,3.913,NORMAL
10398.0,15.67,12.151,0.24,37.3,3.761,NORMAL
10400.0,15.81,12.265,0.25,38.1,3.953,NORMAL
10402.0,15.77,12.01,0.25,37.6,3.942,NORMAL
10404.0,15.51,11.735,0.25,37.9,3.877,NORMAL
10406.0,16.0,12.459,0.25,38.1,4.0,NORMAL
10408.0,15.05,11.595,0.25,37.8,3.763,NORMAL
10410.0,15.56,12.109,0.26,38.3,4.046,NORMAL
10412.0,15.61,11.846,0.24,37.1,3.746,NORMAL
10414.0,15.68,12.035,0.25,37.9,3.92,NORMAL
10416.0,16.07,12.355,0.24,38.4,3.857,NORMAL
10418.0,15.59,11.987,0.26,38.7,4.053,NORMAL
10420.0,15.79,12.182,0.25,38.0,3.947,NORMAL
10422.0,15.44,12.017,0.25,37.7,3.86,NORMAL
10424.0,15.58,11.624,0.24,37.7,3.739,NORMAL
10426.0,15.48,12.174,0.25,37.9,3.87,NORMAL
10428.0,15.73,12.07,0.25,37.3,3.933,NORMAL
10430.0,15.49,11.729,0.25,37.6,3.873,NORMAL
10432.0,15.3,11.751,0.26,37.9,3.978,NORMAL
10434.0,15.6,12.088,0.26,38.0,4.056,NORMAL
10436.0,15.4,12.106,0.25,38.2,3.85,NORMAL
10438.0,15.93,12.428,0.25,38.1,3.982,NORMAL
10440.0,15.79,12.198,0.24,37.5,3.79,NORMAL
10442.0,15.18,11.696,0.24,37.7,3.643,NORMAL
10444.0,15.53,11.941,0.25,38.4,3.882,NORMAL
10446.0,15.51,11.879,0.24,38.5,3.722,NORMAL
10448.0,15.35,11.784,0.25,37.7,3.837,NORMAL
10450.0,15.66,12.056,0.25,39.1,3.915,NORMAL
10452.0,15.74,11.99,0.24,37.6,3.778,NORMAL
10454.0,15.38,11.908,0.25,38.5,3.845,NORMAL
10456.0,15.55,12.236,0.25,38.5,3.888,NORMAL
10458.0,15.63,12.135,0.26,38.2,4.064,NORMAL
10460.0,15.33,11.975,0.25,38.2,3.833,NORMAL
10462.0,15.41,12.008,0.24,37.8,3.698,NORMAL
10464.0,15.23,11.747,0.24,38.1,3.655,NORMAL
10466.0,15.74,12.267,0.24,37.9,3.778,NORMAL
10468.0,15.32,11.925,0.26,37.5,3.983,NORMAL
10470.0,15.51,12.024,0.24,37.8,3.722,NORMAL
10472.0,15.6,11.88,0.26,38.7,4.056,NORMAL
10474.0,15.31,11.948,0.24,37.6,3.674,NORMAL
10476.0,15.73,12.285,0.25,38.0,3.933,NORMAL
10478.0,16.05,12.378,0.25,36.8,4.013,NORMAL
10480.0,15.82,12.222,0.25,38.3,3.955,NORMAL
10482.0,15.31,11.943,0.24,37.9,3.674,NORMAL
10484.0,15.42,12.084,0.25,38.1,3.855,NORMAL
10486.0,15.59,12.272,0.24,38.3,3.742,NORMAL
10488.0,15.77,12.027,0.25,37.5,3.942,NORMAL
10490.0,16.07,12.335,0.25,37.7,4.018,NORMAL
10492.0,15.53,12.114,0.26,37.5,4.038,NORMAL
10494.0,15.63,12.054,0.26,38.7,4.064,NORMAL
10496.0,15.53,11.775,0.25,38.0,3.882,NORMAL
10498.0,15.96,12.023,0.25,37.5,3.99,NORMAL
10500.0,15.06,11.588,0.25,37.7,3.765,NORMAL
10502.0,15.71,12.112,0.25,38.2,3.928,NORMAL
10504.0,15.58,12.081,0.24,37.6,3.739,NORMAL
10506.0,15.44,11.988,0.26,39.1,4.014,NORMAL
10508.0,15.95,12.295,0.25,37.8,3.987,NORMAL
10510.0,16.07,12.215,0.25,37.5,4.018,NORMAL
10512.0,15.55,12.013,0.24,38.8,3.732,NORMAL
10514.0,15.83,12.026,0.25,37.5,3.958,NORMAL
10516.0,15.39,11.946,0.25,38.2,3.848,NORMAL
10518.0,15.25,11.822,0.25,37.5,3.812,NORMAL
10520.0,15.71,12.383,0.24,38.4,3.77,NORMAL
10522.0,15.8,12.139,0.25,37.9,3.95,NORMAL
10524.0,15.42,11.671,0.25,37.5,3.855,NORMAL
10526.0,15.65,11.903,0.25,37.7,3.913,NORMAL
10528.0,15.67,12.285,0.24,37.9,3.761,NORMAL
10530.0,15.75,12.147,0.24,37.4,3.78,NORMAL
10532.0,15.28,11.834,0.24,38.2,3.667,NORMAL
10534.0,15.71,12.02,0.25,38.0,3.928,NORMAL
10536.0,15.72,11.984,0.26,37.8,4.087,NORMAL
10538.0,15.33,11.579,0.24,38.1,3.679,NORMAL
10540.0,15.7,11.975,0.25,37.2,3.925,NORMAL
10542.0,15.62,12.02,0.25,38.2,3.905,NORMAL
10544.0,15.9,12.105,0.25,37.6,3.975,NORMAL
10546.0,15.77,12.217,0.25,38.3,3.942,NORMAL
10548.0,15.13,11.595,0.24,37.5,3.631,NORMAL
10550.0,15.5,11.917,0.26,38.5,4.03,NORMAL
10552.0,15.54,12.004,0.25,38.0,3.885,NORMAL
10554.0,15.79,12.138,0.25,37.0,3.947,NORMAL
10556.0,15.92,12.211,0.25,38.5,3.98,NORMAL
10558.0,15.64,12.138,0.24,37.5,3.754,NORMAL
10560.0,15.81,12.176,0.25,37.4,3.953,NORMAL
10562.0,15.89,12.025,0.26,37.9,4.131,NORMAL
10564.0,15.8,12.198,0.25,38.4,3.95,NORMAL
10566.0,15.39,11.856,0.25,38.6,3.848,NORMAL
10568.0,15.36,11.804,0.24,37.6,3.686,NORMAL
10570.0,15.79,11.994,0.24,38.7,3.79,NORMAL
10572.0,16.15,12.207,0.26,38.1,4.199,NORMAL
10574.0,15.59,12.051,0.25,37.4,3.897,BORDERLINE_OVERVOLTAGE
10576.0,15.41,11.82,0.25,37.9,3.853,NORMAL
10578.0,16.09,12.387,0.25,38.2,4.022,NORMAL
10580.0,15.68,12.111,0.25,38.4,3.92,NORMAL
10582.0,15.65,11.948,0.25,37.9,3.913,NORMAL
10584.0,15.59,12.037,0.25,38.2,3.897,NORMAL
10586.0,15.55,12.025,0.25,37.7,3.888,NORMAL
10588.0,15.55,11.902,0.25,38.5,3.888,NORMAL
10590.0,15.74,12.095,0.25,38.9,3.935,NORMAL
10592.0,15.76,12.073,0.25,37.4,3.94,NORMAL
10594.0,15.81,12.167,0.25,37.0,3.953,NORMAL
10596.0,15.34,11.93,0.25,38.7,3.835,NORMAL
10598.0,15.96,12.149,0.25,37.9,3.99,NORMAL
10600.0,15.44,12.072,0.24,37.4,3.706,NORMAL
10602.0,15.11,11.734,0.26,38.6,3.929,NORMAL
10604.0,15.34,11.913,0.24,37.7,3.682,NORMAL
10606.0,15.6,12.225,0.24,38.5,3.744,NORMAL
10608.0,15.55,11.938,0.25,37.3,3.888,NORMAL
10610.0,15.72,12.074,0.25,37.8,3.93,NORMAL
10612.0,15.5,11.717,0.25,38.2,3.875,NORMAL
10614.0,15.58,11.951,0.25,37.7,3.895,NORMAL
10616.0,15.49,11.96,0.25,38.0,3.873,NORMAL
10618.0,15.11,11.902,0.25,37.9,3.777,NORMAL
10620.0,15.32,11.873,0.24,37.9,3.677,NORMAL
10622.0,15.14,11.586,0.24,38.3,3.634,NORMAL
10624.0,15.92,12.324,0.25,37.6,3.98,NORMAL
10626.0,15.98,12.497,0.25,38.6,3.995,NORMAL
10628.0,15.38,11.917,0.26,37.3,3.999,NORMAL
10630.0,15.58,12.077,0.26,38.5,4.051,NORMAL
10632.0,15.67,12.065,0.25,38.0,3.917,NORMAL
10634.0,15.94,12.292,0.26,37.9,4.144,NORMAL
10636.0,15.62,12.229,0.24,37.8,3.749,NORMAL
10638.0,15.42,11.943,0.26,38.5,4.009,NORMAL
10640.0,15.73,12.289,0.24,37.9,3.775,NORMAL
10642.0,15.46,11.781,0.26,37.4,4.02,NORMAL
10644.0,16.04,12.502,0.25,37.8,4.01,NORMAL
10646.0,15.89,12.193,0.26,37.7,4.131,NORMAL
10648.0,15.67,12.093,0.25,37.8,3.917,NORMAL
10650.0,15.66,11.883,0.26,38.3,4.072,NORMAL
10652.0,15.55,12.098,0.24,38.3,3.732,NORMAL
10654.0,15.62,12.062,0.25,38.0,3.905,NORMAL
10656.0,15.45,12.068,0.24,37.1,3.708,NORMAL
10658.0,15.72,11.955,0.25,38.6,3.93,NORMAL
10660.0,15.19,11.53,0.25,38.1,3.797,NORMAL
10662.0,15.68,12.039,0.25,37.6,3.92,NORMAL
10664.0,15.03,11.684,0.25,37.7,3.757,NORMAL
10666.0,15.56,11.894,0.25,36.8,3.89,NORMAL
10668.0,15.73,11.896,0.25,38.4,3.933,NORMAL
10670.0,15.77,12.263,0.25,37.7,3.942,NORMAL
10672.0,15.87,12.368,0.26,38.9,4.126,NORMAL
10674.0,15.41,12.129,0.25,37.8,3.853,NORMAL
10676.0,15.86,12.056,0.25,38.4,3.965,NORMAL
10678.0,15.66,12.16,0.24,37.2,3.758,NORMAL
10680.0,15.81,12.017,0.25,37.9,3.953,NORMAL
10682.0,15.33,11.959,0.24,37.9,3.679,NORMAL
10684.0,15.85,12.112,0.24,37.7,3.804,NORMAL
10686.0,15.01,11.592,0.25,37.9,3.752,NORMAL
10688.0,15.91,12.312,0.25,37.8,3.978,NORMAL
10690.0,15.85,12.182,0.25,38.3,3.962,NORMAL
10692.0,15.58,11.94,0.25,37.7,3.895,NORMAL
10694.0,15.92,12.087,0.26,38.7,4.139,NORMAL
10696.0,15.27,11.458,0.24,38.1,3.665,NORMAL
10698.0,15.46,11.863,0.26,38.4,4.02,NORMAL
10700.0,15.5,11.888,0.25,38.4,3.875,NORMAL
10702.0,15.55,11.961,0.25,37.4,3.888,NORMAL
10704.0,15.53,12.031,0.24,38.3,3.727,NORMAL
10706.0,15.76,12.192,0.25,37.1,3.94,NORMAL
10708.0,15.44,11.877,0.24,37.4,3.706,NORMAL
10710.0,15.97,12.364,0.25,37.5,3.993,NORMAL
10712.0,15.64,12.307,0.24,38.3,3.754,NORMAL
10714.0,14.99,11.583,0.24,36.7,3.598,NORMAL
10716.0,15.83,12.286,0.25,38.6,3.958,NORMAL
10718.0,16.0,12.314,0.26,37.8,4.16,NORMAL
10720.0,15.4,11.871,0.25,38.0,3.85,NORMAL
10722.0,15.91,12.135,0.25,37.6,3.978,NORMAL
10724.0,15.75,12.29,0.24,37.9,3.78,NORMAL
10726.0,15.67,11.948,0.25,38.0,3.917,NORMAL
10728.0,15.4,11.994,0.25,38.1,3.85,NORMAL
10730.0,15.62,12.132,0.26,38.7,4.061,NORMAL
10732.0,15.89,12.291,0.24,37.5,3.814,NORMAL
10734.0,15.29,11.97,0.25,38.4,3.822,NORMAL
10736.0,15.54,11.852,0.25,38.1,3.885,NORMAL
10738.0,15.56,12.005,0.25,38.0,3.89,NORMAL
10740.0,15.4,11.689,0.25,37.7,3.85,NORMAL
10742.0,15.68,12.048,0.26,38.4,4.077,NORMAL
10744.0,15.41,11.914,0.25,38.3,3.853,NORMAL
10746.0,16.01,12.263,0.25,37.9,4.003,NORMAL
10748.0,15.23,11.821,0.25,38.0,3.808,NORMAL
10750.0,16.03,12.386,0.25,36.9,4.008,NORMAL
10752.0,15.64,12.146,0.25,38.2,3.91,NORMAL
10754.0,15.38,11.781,0.25,38.7,3.845,NORMAL
10756.0,15.62,12.056,0.23,37.3,3.593,NORMAL
10758.0,15.89,12.182,0.24,38.0,3.814,BORDERLINE_OVERTEMP
10760.0,15.82,12.099,0.24,38.2,3.797,NORMAL
10762.0,15.65,12.116,0.25,37.9,3.913,NORMAL
10764.0,15.61,12.039,0.25,37.8,3.902,NORMAL
10766.0,15.65,11.931,0.24,37.8,3.756,NORMAL
10768.0,15.59,12.096,0.25,38.4,3.897,NORMAL
10770.0,15.38,11.846,0.25,38.3,3.845,BORDERLINE_OVERTEMP
10772.0,15.43,12.01,0.24,38.4,3.703,NORMAL
10774.0,15.55,12.146,0.25,36.6,3.888,NORMAL
10776.0,15.56,12.162,0.25,37.9,3.89,NORMAL
10778.0,15.35,11.92,0.26,38.2,3.991,NORMAL
10780.0,15.52,12.003,0.24,38.4,3.725,NORMAL
10782.0,15.92,12.419,0.25,37.8,3.98,NORMAL
10784.0,16.05,12.441,0.25,37.7,4.013,NORMAL
10786.0,15.54,12.168,0.25,37.9,3.885,NORMAL
10788.0,15.44,11.876,0.25,37.8,3.86,NORMAL
10790.0,15.5,12.019,0.25,38.4,3.875,NORMAL
10792.0,15.57,12.113,0.25,38.4,3.893,NORMAL
10794.0,14.97,11.655,0.25,37.9,3.743,NORMAL
10796.0,15.58,12.04,0.25,37.5,3.895,NORMAL
10798.0,15.81,12.316,0.24,39.1,3.794,NORMAL
